-- member 테이블에 더미 데이터를 삽입합니다.
INSERT INTO funco.member (cash, created_at, id, portfolio_price, updated_at, nickname, introduction, profile_url,
                          oauth_server_id, oauth_server, portfolio_status, status, init_cash_date)
VALUES (3600976, '2024-05-16 15:18:26', 1, null, '2024-05-20 07:07:49', '재열', null,
        'https://lh3.googleusercontent.com/a/ACg8ocLq9H1bzD3w68cBLThj9yGxk3II_2eSzWthTpiKCR1J_EhPL9U=s96-c',
        '100323833448931676626', 'GOOGLE', 'PUBLIC', 'NORMAL', null);
INSERT INTO funco.member (cash, created_at, id, portfolio_price, updated_at, nickname, introduction, profile_url,
                          oauth_server_id, oauth_server, portfolio_status, status, init_cash_date)
VALUES (17219369, '2024-05-16 15:20:21', 2, 50000, '2024-05-20 01:34:43', 'QUEENSUNJU', '1등은 나의 것! 1등까지 가보자',
        'https://lh3.googleusercontent.com/a/ACg8ocKZHLqwa-qbXfbIZUNSVYghCKjD64EBdkVrZM1vc5E2lsGjUA=s96-c',
        '112624705816791301906', 'GOOGLE', 'PRIVATE', 'NORMAL', null);
INSERT INTO funco.member (cash, created_at, id, portfolio_price, updated_at, nickname, introduction, profile_url,
                          oauth_server_id, oauth_server, portfolio_status, status, init_cash_date)
VALUES (6000000, '2024-05-16 15:20:23', 3, 500000, '2024-05-20 08:14:46', '황주영', null,
        'https://lh3.googleusercontent.com/a/ACg8ocIA-lkA8KP7088iseoNvt2dl7bqktRs9hflBDFyPaV_ukwIXw=s96-c',
        '117668152479786756619', 'GOOGLE', 'PRIVATE', 'NORMAL', '2024-05-20 01:41:48.267107');
INSERT INTO funco.member (cash, created_at, id, portfolio_price, updated_at, nickname, introduction, profile_url,
                          oauth_server_id, oauth_server, portfolio_status, status, init_cash_date)
VALUES (10935000, '2024-05-16 15:20:27', 4, 1000000, '2024-05-20 05:21:39', '이선주', null,
        'https://lh3.googleusercontent.com/a/ACg8ocLgOly0NHVe-Y7q3_MPs-S44NB0qhZDYamHsO5DbmGMXmr9Pg=s96-c',
        '105257494783594207433', 'GOOGLE', 'PRIVATE', 'NORMAL', null);
INSERT INTO funco.member (cash, created_at, id, portfolio_price, updated_at, nickname, introduction, profile_url,
                          oauth_server_id, oauth_server, portfolio_status, status, init_cash_date)
VALUES (7075847, '2024-05-16 15:44:58', 5, 1000, '2024-05-20 08:16:47', '이태호', '한 마디',
        'https://lh3.googleusercontent.com/a/ACg8ocLietNoD2beoYYuYOc711WgHxk1HsoXjYkY4OXrNbnsJXeSZ1U=s96-c',
        '109003125067212973073', 'GOOGLE', 'PRIVATE', 'NORMAL', null);
INSERT INTO funco.member (cash, created_at, id, portfolio_price, updated_at, nickname, introduction, profile_url,
                          oauth_server_id, oauth_server, portfolio_status, status, init_cash_date)
VALUES (4560335, '2024-05-16 16:54:12', 6, 5000, '2024-05-20 05:24:56', '소현쓰', '돈 벌어서 집 사자!!',
        'https://lh3.googleusercontent.com/a/ACg8ocLjKF57hj3HHhoPMbEa5Kp2uKxEPo2C-9oiFdrHhFd5CeY1Wg=s96-c',
        '100811001207882481665', 'GOOGLE', 'PRIVATE', 'NORMAL', null);
INSERT INTO funco.member (cash, created_at, id, portfolio_price, updated_at, nickname, introduction, profile_url,
                          oauth_server_id, oauth_server, portfolio_status, status, init_cash_date)
VALUES (6500020, '2024-05-19 00:04:30', 7, 500000, '2024-05-20 03:57:57', 'funco', null,
        'https://lh3.googleusercontent.com/a/ACg8ocIvydkR071YCUQt8EsDCcLnMoGgUOZUY_bGLUKASdRFwLyTXQ=s96-c',
        '107303537124128289114', 'GOOGLE', 'PRIVATE', 'NORMAL', null);
INSERT INTO funco.member (cash, created_at, id, portfolio_price, updated_at, nickname, introduction, profile_url,
                          oauth_server_id, oauth_server, portfolio_status, status, init_cash_date)
VALUES (8633000, '2024-05-19 00:58:56', 8, null, '2024-05-19 16:12:05', 'asheat s', null,
        'https://lh3.googleusercontent.com/a/ACg8ocIY1_-ujl8hBlKOABlGLn1RdGQSrK-iNEs9AjwbSJ61MZf5g8OC=s96-c',
        '109217554770410846903', 'GOOGLE', 'PUBLIC', 'NORMAL', null);
INSERT INTO funco.member (cash, created_at, id, portfolio_price, updated_at, nickname, introduction, profile_url,
                          oauth_server_id, oauth_server, portfolio_status, status, init_cash_date)
VALUES (8500000, '2024-05-20 05:02:18', 9, 5000, '2024-05-20 05:24:56', '엄소현', null,
        'https://lh3.googleusercontent.com/a/ACg8ocKUwfX3VWLqmd8NUSO1Pn0qO_H4wgE_yP1dMmW0US3d8tz6wA=s96-c',
        '102353432334706800164', 'GOOGLE', 'PRIVATE', 'NORMAL', null);
INSERT INTO funco.member (cash, created_at, id, portfolio_price, updated_at, nickname, introduction, profile_url,
                          oauth_server_id, oauth_server, portfolio_status, status, init_cash_date)
VALUES (9000000, '2024-05-20 09:14:24', 10, null, '2024-05-20 09:15:11', '박세웅', null,
        'https://lh3.googleusercontent.com/a/ACg8ocKYjqAk_A98nQA6asF8IezCbeF6fywMjIYPabwUZmf62QQilg=s96-c',
        '105914745656512767271', 'GOOGLE', 'PUBLIC', 'NORMAL', null);

-- favorite_coin 테이블에 더미 데이터를 삽입합니다.
INSERT INTO funco.favorite_coin (created_at, id, member_id, updated_at, ticker)
VALUES ('2024-05-16 17:02:08', 1, 2, '2024-05-16 17:02:08', 'KRW-BTC');
INSERT INTO funco.favorite_coin (created_at, id, member_id, updated_at, ticker)
VALUES ('2024-05-16 17:02:08', 2, 2, '2024-05-16 17:02:08', 'KRW-NEO');
INSERT INTO funco.favorite_coin (created_at, id, member_id, updated_at, ticker)
VALUES ('2024-05-16 17:02:08', 3, 2, '2024-05-16 17:02:08', 'KRW-ETH');
INSERT INTO funco.favorite_coin (created_at, id, member_id, updated_at, ticker)
VALUES ('2024-05-18 07:00:00', 4, 6, '2024-05-18 07:00:00', 'KRW-ZRX');
INSERT INTO funco.favorite_coin (created_at, id, member_id, updated_at, ticker)
VALUES ('2024-05-18 20:02:05', 5, 1, '2024-05-18 20:02:05', 'KRW-SC');
INSERT INTO funco.favorite_coin (created_at, id, member_id, updated_at, ticker)
VALUES ('2024-05-18 21:45:59', 6, 1, '2024-05-18 21:45:59', 'KRW-SHIB');
INSERT INTO funco.favorite_coin (created_at, id, member_id, updated_at, ticker)
VALUES ('2024-05-18 21:45:59', 7, 1, '2024-05-18 21:45:59', 'KRW-BTG');
INSERT INTO funco.favorite_coin (created_at, id, member_id, updated_at, ticker)
VALUES ('2024-05-18 21:45:59', 8, 1, '2024-05-18 21:45:59', 'KRW-XEC');
INSERT INTO funco.favorite_coin (created_at, id, member_id, updated_at, ticker)
VALUES ('2024-05-18 21:45:59', 9, 1, '2024-05-18 21:45:59', 'KRW-BCH');
INSERT INTO funco.favorite_coin (created_at, id, member_id, updated_at, ticker)
VALUES ('2024-05-19 21:04:10', 10, 1, '2024-05-19 21:04:10', 'KRW-HUNT');

-- subscribe 테이블에 더미 데이터를 삽입합니다.
INSERT INTO funco.subscribe (created_at, expired_at, from_member_id, id, order_cash, to_member_id, updated_at)
VALUES ('2024-05-16 16:50:10', '2024-05-30 16:50:10.341584', 1, 10, 500000, 3, '2024-05-16 16:50:10');
INSERT INTO funco.subscribe (created_at, expired_at, from_member_id, id, order_cash, to_member_id, updated_at)
VALUES ('2024-05-17 21:15:53', '2024-05-31 21:15:53.416377', 2, 11, 500000, 3, '2024-05-17 21:15:53');
INSERT INTO funco.subscribe (created_at, expired_at, from_member_id, id, order_cash, to_member_id, updated_at)
VALUES ('2024-05-18 20:47:41', '2024-06-01 20:47:41.960827', 6, 12, 5000, 2, '2024-05-18 20:47:41');
INSERT INTO funco.subscribe (created_at, expired_at, from_member_id, id, order_cash, to_member_id, updated_at)
VALUES ('2024-05-19 21:40:04', '2024-06-02 21:40:04.238774', 6, 13, 1000000, 4, '2024-05-19 21:40:04');
INSERT INTO funco.subscribe (created_at, expired_at, from_member_id, id, order_cash, to_member_id, updated_at)
VALUES ('2024-05-20 01:34:43', '2024-06-03 01:34:43.617553', 4, 32, 50000, 2, '2024-05-20 01:34:43');
INSERT INTO funco.subscribe (created_at, expired_at, from_member_id, id, order_cash, to_member_id, updated_at)
VALUES ('2024-05-20 01:36:24', '2024-06-03 01:36:24.894611', 3, 34, 500000, 7, '2024-05-20 01:36:24');
INSERT INTO funco.subscribe (created_at, expired_at, from_member_id, id, order_cash, to_member_id, updated_at)
VALUES ('2024-05-20 01:37:40', '2024-06-03 01:37:40.925437', 3, 35, 5000, 6, '2024-05-20 01:37:40');
INSERT INTO funco.subscribe (created_at, expired_at, from_member_id, id, order_cash, to_member_id, updated_at)
VALUES ('2024-05-20 02:14:44', '2024-06-03 02:14:44.240761', 6, 37, 500000, 3, '2024-05-20 02:14:44');
INSERT INTO funco.subscribe (created_at, expired_at, from_member_id, id, order_cash, to_member_id, updated_at)
VALUES ('2024-05-20 02:23:23', '2024-06-03 02:23:23.408925', 1, 38, 5000, 6, '2024-05-20 02:23:23');
INSERT INTO funco.subscribe (created_at, expired_at, from_member_id, id, order_cash, to_member_id, updated_at)
VALUES ('2024-05-20 03:57:56', '2024-06-03 03:57:56.540785', 6, 46, 500000, 7, '2024-05-20 03:57:56');
INSERT INTO funco.subscribe (created_at, expired_at, from_member_id, id, order_cash, to_member_id, updated_at)
VALUES ('2024-05-20 04:19:25', '2024-06-03 04:19:25.973445', 4, 47, 5000, 6, '2024-05-20 04:19:25');
INSERT INTO funco.subscribe (created_at, expired_at, from_member_id, id, order_cash, to_member_id, updated_at)
VALUES ('2024-05-20 05:21:39', '2024-06-03 05:21:39.011608', 9, 52, 1000000, 4, '2024-05-20 05:21:39');
INSERT INTO funco.subscribe (created_at, expired_at, from_member_id, id, order_cash, to_member_id, updated_at)
VALUES ('2024-05-20 05:21:48', '2024-06-03 05:21:48.144770', 9, 53, 5000, 6, '2024-05-20 05:21:48');
INSERT INTO funco.subscribe (created_at, expired_at, from_member_id, id, order_cash, to_member_id, updated_at)
VALUES ('2024-05-20 05:24:56', '2024-06-03 05:24:56.352273', 6, 54, 5000, 9, '2024-05-20 05:24:56');
INSERT INTO funco.subscribe (created_at, expired_at, from_member_id, id, order_cash, to_member_id, updated_at)
VALUES ('2024-05-20 08:14:45', '2024-06-03 08:14:45.572797', 5, 55, 500000, 3, '2024-05-20 08:14:45');


-- follow 테이블에 더미 데이터를 삽입합니다.
INSERT INTO funco.follow (id, created_at, updated_at, cash, commission, follower_member_id, following_member_id,
                          investment, return_rate, settle_date, settled, settlement)
VALUES (7, '2024-05-19 00:03:16', '2024-05-20 01:58:28', 104910, 0, 1, 6, 530000, -16.93, '2024-05-20 01:58:28.516988',
        true, 440222);
INSERT INTO funco.follow (id, created_at, updated_at, cash, commission, follower_member_id, following_member_id,
                          investment, return_rate, settle_date, settled, settlement)
VALUES (8, '2024-05-19 00:05:08', '2024-05-20 07:07:49', 2521376, null, 7, 1, 5000000, null, null, false, null);
INSERT INTO funco.follow (id, created_at, updated_at, cash, commission, follower_member_id, following_member_id,
                          investment, return_rate, settle_date, settled, settlement)
VALUES (9, '2024-05-19 00:15:19', '2024-05-19 00:59:32', 933030, 0, 3, 2, 1000000, 0, '2024-05-19 00:59:32.601403',
        true, 1000000);
INSERT INTO funco.follow (id, created_at, updated_at, cash, commission, follower_member_id, following_member_id,
                          investment, return_rate, settle_date, settled, settlement)
VALUES (10, '2024-05-19 00:49:32', '2024-05-19 00:56:45', 108401, 0, 1, 3, 380000, 0, '2024-05-19 00:56:45.433740',
        true, 380024);
INSERT INTO funco.follow (id, created_at, updated_at, cash, commission, follower_member_id, following_member_id,
                          investment, return_rate, settle_date, settled, settlement)
VALUES (11, '2024-05-19 00:59:17', '2024-05-19 16:12:06', 929035, 0, 8, 3, 2000000, 0, '2024-05-19 16:12:06.002298',
        true, 2000000);
INSERT INTO funco.follow (id, created_at, updated_at, cash, commission, follower_member_id, following_member_id,
                          investment, return_rate, settle_date, settled, settlement)
VALUES (12, '2024-05-19 00:59:27', '2024-05-19 01:01:09', 2793120, 0, 8, 1, 3300000, 0, '2024-05-19 01:01:09.563852',
        true, 3300000);
INSERT INTO funco.follow (id, created_at, updated_at, cash, commission, follower_member_id, following_member_id,
                          investment, return_rate, settle_date, settled, settlement)
VALUES (13, '2024-05-19 00:59:42', '2024-05-20 08:15:26', 201008, null, 8, 5, 222000, null, null, false, null);
INSERT INTO funco.follow (id, created_at, updated_at, cash, commission, follower_member_id, following_member_id,
                          investment, return_rate, settle_date, settled, settlement)
VALUES (14, '2024-05-19 01:00:24', '2024-05-20 01:00:35', 791637, null, 8, 4, 590000, null, null, false, null);
INSERT INTO funco.follow (id, created_at, updated_at, cash, commission, follower_member_id, following_member_id,
                          investment, return_rate, settle_date, settled, settlement)
VALUES (15, '2024-05-19 01:00:33', '2024-05-20 04:48:08', 168510, null, 8, 6, 555000, null, null, false, null);
INSERT INTO funco.follow (id, created_at, updated_at, cash, commission, follower_member_id, following_member_id,
                          investment, return_rate, settle_date, settled, settlement)
VALUES (16, '2024-05-19 01:08:25', '2024-05-19 08:56:02', 933030, 0, 3, 2, 1000000, 0, '2024-05-19 08:56:02.895811',
        true, 1000000);
INSERT INTO funco.follow (id, created_at, updated_at, cash, commission, follower_member_id, following_member_id,
                          investment, return_rate, settle_date, settled, settlement)
VALUES (17, '2024-05-19 12:14:35', '2024-05-19 16:12:05', 6963, 0, 3, 1, 1000000, -16.79, '2024-05-19 16:12:05.944146',
        true, 832048);
INSERT INTO funco.follow (id, created_at, updated_at, cash, commission, follower_member_id, following_member_id,
                          investment, return_rate, settle_date, settled, settlement)
VALUES (18, '2024-05-19 16:19:00', '2024-05-19 16:20:23', 6963, 0, 3, 1, 4000, 0, '2024-05-19 16:20:23.929702', true,
        4000);
INSERT INTO funco.follow (id, created_at, updated_at, cash, commission, follower_member_id, following_member_id,
                          investment, return_rate, settle_date, settled, settlement)
VALUES (19, '2024-05-19 16:19:14', '2024-05-19 16:20:24', 36192, 0, 5, 3, 100000, 0, '2024-05-19 16:20:24.000478', true,
        100000);
INSERT INTO funco.follow (id, created_at, updated_at, cash, commission, follower_member_id, following_member_id,
                          investment, return_rate, settle_date, settled, settlement)
VALUES (20, '2024-05-19 17:13:47', '2024-05-19 17:33:51', 6963, 0, 3, 1, 10000, -17.74, '2024-05-19 17:33:51.288094',
        true, 8226);
INSERT INTO funco.follow (id, created_at, updated_at, cash, commission, follower_member_id, following_member_id,
                          investment, return_rate, settle_date, settled, settlement)
VALUES (21, '2024-05-19 17:25:43', '2024-05-19 23:45:00', 314133, 0, 6, 1, 500000, -4.96, '2024-05-19 23:45:00.399345',
        true, 475181);
INSERT INTO funco.follow (id, created_at, updated_at, cash, commission, follower_member_id, following_member_id,
                          investment, return_rate, settle_date, settled, settlement)
VALUES (22, '2024-05-19 23:39:02', '2024-05-20 01:41:48', 933030, 0, 3, 2, 1000000, -0.03, '2024-05-20 01:41:48.151511',
        true, 999616);
INSERT INTO funco.follow (id, created_at, updated_at, cash, commission, follower_member_id, following_member_id,
                          investment, return_rate, settle_date, settled, settlement)
VALUES (23, '2024-05-19 23:39:49', '2024-05-20 03:58:55', 7969, 0, 6, 2, 10000, -0.13, '2024-05-20 03:58:55.340538',
        true, 9987);
INSERT INTO funco.follow (id, created_at, updated_at, cash, commission, follower_member_id, following_member_id,
                          investment, return_rate, settle_date, settled, settlement)
VALUES (24, '2024-05-20 01:58:36', '2024-05-20 04:48:08', 104910, null, 1, 6, 220000, null, null, false, null);
INSERT INTO funco.follow (id, created_at, updated_at, cash, commission, follower_member_id, following_member_id,
                          investment, return_rate, settle_date, settled, settlement)
VALUES (25, '2024-05-20 01:58:53', '2024-05-20 03:17:18', 4744, 20, 6, 7, 10000, 6.91, '2024-05-20 03:17:18.306757',
        true, 10671);
INSERT INTO funco.follow (id, created_at, updated_at, cash, commission, follower_member_id, following_member_id,
                          investment, return_rate, settle_date, settled, settlement)
VALUES (26, '2024-05-20 02:15:55', '2024-05-20 02:45:51', 8061, 0, 6, 3, 10000, 0.01, '2024-05-20 02:45:51.097760',
        true, 10001);
INSERT INTO funco.follow (id, created_at, updated_at, cash, commission, follower_member_id, following_member_id,
                          investment, return_rate, settle_date, settled, settlement)
VALUES (27, '2024-05-20 02:44:12', '2024-05-20 02:45:39', 8204, 0, 6, 8, 10000, 0, '2024-05-20 02:45:39.743726', true,
        10000);
INSERT INTO funco.follow (id, created_at, updated_at, cash, commission, follower_member_id, following_member_id,
                          investment, return_rate, settle_date, settled, settlement)
VALUES (28, '2024-05-20 04:06:17', '2024-05-20 04:06:25', 8376, 0, 6, 2, 10000, 0, '2024-05-20 04:06:25.770642', true,
        10000);
INSERT INTO funco.follow (id, created_at, updated_at, cash, commission, follower_member_id, following_member_id,
                          investment, return_rate, settle_date, settled, settlement)
VALUES (29, '2024-05-20 04:28:33', '2024-05-20 04:28:46', 4744, 0, 6, 7, 5000, 0.02, '2024-05-20 04:28:46.264307', true,
        5001);
INSERT INTO funco.follow (id, created_at, updated_at, cash, commission, follower_member_id, following_member_id,
                          investment, return_rate, settle_date, settled, settlement)
VALUES (30, '2024-05-20 04:55:41', '2024-05-20 04:55:48', 8286, 0, 6, 2, 10000, -0.01, '2024-05-20 04:55:48.356375',
        true, 9999);
INSERT INTO funco.follow (id, created_at, updated_at, cash, commission, follower_member_id, following_member_id,
                          investment, return_rate, settle_date, settled, settlement)
VALUES (31, '2024-05-20 05:02:30', '2024-05-20 05:02:30', 490017, null, 9, 7, 400000, null, null, false, null);
INSERT INTO funco.follow (id, created_at, updated_at, cash, commission, follower_member_id, following_member_id,
                          investment, return_rate, settle_date, settled, settlement)
VALUES (32, '2024-05-20 05:06:25', '2024-05-20 05:06:31', 100000, 0, 9, 6, 5000, 0, '2024-05-20 05:06:31.288842', true,
        5000);
INSERT INTO funco.follow (id, created_at, updated_at, cash, commission, follower_member_id, following_member_id,
                          investment, return_rate, settle_date, settled, settlement)
VALUES (33, '2024-05-20 05:21:58', '2024-05-20 05:21:58', 100000, null, 9, 6, 100000, null, null, false, null);
INSERT INTO funco.follow (id, created_at, updated_at, cash, commission, follower_member_id, following_member_id,
                          investment, return_rate, settle_date, settled, settlement)
VALUES (34, '2024-05-20 08:14:03', '2024-05-20 08:14:03', 8261, null, 5, 1, 10000, null, null, false, null);
INSERT INTO funco.follow (id, created_at, updated_at, cash, commission, follower_member_id, following_member_id,
                          investment, return_rate, settle_date, settled, settlement)
VALUES (35, '2024-05-20 09:18:36', '2024-05-20 09:18:36', 472561, null, 10, 2, 500000, null, null, false, null);

-- follow_trade 테이블에 더미 데이터를 삽입합니다.
INSERT INTO funco.follow_trade (id, created_at, updated_at, order_cash, price, ticker, trade_type, volume, follow_id)
VALUES (6, '2024-05-19 00:03:16', '2024-05-19 00:03:16', 200083, 93029000, 'KRW-BTC', 'BUY', 0.0021507674, 7);
INSERT INTO funco.follow_trade (id, created_at, updated_at, order_cash, price, ticker, trade_type, volume, follow_id)
VALUES (7, '2024-05-19 00:49:33', '2024-05-19 00:49:33', 146646, 92814000, 'KRW-BTC', 'BUY', 0.0015800078, 10);
INSERT INTO funco.follow_trade (id, created_at, updated_at, order_cash, price, ticker, trade_type, volume, follow_id)
VALUES (8, '2024-05-19 00:56:45', '2024-05-19 00:56:45', 146670, 92829000, 'KRW-BTC', 'SELL', 0.0015800078, 10);
INSERT INTO funco.follow_trade (id, created_at, updated_at, order_cash, price, ticker, trade_type, volume, follow_id)
VALUES (9, '2024-05-19 01:38:08', '2024-05-19 01:38:08', 1892, 92923000, 'KRW-BTC', 'BUY', 0.0000203609, 7);
INSERT INTO funco.follow_trade (id, created_at, updated_at, order_cash, price, ticker, trade_type, volume, follow_id)
VALUES (10, '2024-05-19 02:16:31', '2024-05-19 02:16:31', 4468589, 92927000, 'KRW-BTC', 'BUY', 0.0480870898, 8);
INSERT INTO funco.follow_trade (id, created_at, updated_at, order_cash, price, ticker, trade_type, volume, follow_id)
VALUES (11, '2024-05-19 02:53:25', '2024-05-19 02:53:25', 29802, 53.88, 'KRW-XEM', 'BUY', 553.118040089, 7);
INSERT INTO funco.follow_trade (id, created_at, updated_at, order_cash, price, ticker, trade_type, volume, follow_id)
VALUES (12, '2024-05-19 02:53:25', '2024-05-19 02:53:25', 55500, 53.88, 'KRW-XEM', 'BUY', 1030.0668151447, 15);
INSERT INTO funco.follow_trade (id, created_at, updated_at, order_cash, price, ticker, trade_type, volume, follow_id)
VALUES (13, '2024-05-19 03:25:13', '2024-05-19 03:25:13', 53141, 92826000, 'KRW-BTC', 'BUY', 0.0005724796, 8);
INSERT INTO funco.follow_trade (id, created_at, updated_at, order_cash, price, ticker, trade_type, volume, follow_id)
VALUES (14, '2024-05-19 03:26:03', '2024-05-19 03:26:03', 4514070, 92823000, 'KRW-BTC', 'SELL', 0.0486309455, 8);
INSERT INTO funco.follow_trade (id, created_at, updated_at, order_cash, price, ticker, trade_type, volume, follow_id)
VALUES (15, '2024-05-19 03:27:18', '2024-05-19 03:27:18', 16946043, 92786000, 'KRW-BTC', 'SHORT', -657488, 8);
INSERT INTO funco.follow_trade (id, created_at, updated_at, order_cash, price, ticker, trade_type, volume, follow_id)
VALUES (16, '2024-05-19 13:33:11', '2024-05-19 13:33:11', 182056, 662700, 'KRW-BCH', 'SHORT', -508229, 8);
INSERT INTO funco.follow_trade (id, created_at, updated_at, order_cash, price, ticker, trade_type, volume, follow_id)
VALUES (17, '2024-05-19 13:33:11', '2024-05-19 13:33:11', 182056, 662700, 'KRW-BCH', 'SHORT', -508229, 17);
INSERT INTO funco.follow_trade (id, created_at, updated_at, order_cash, price, ticker, trade_type, volume, follow_id)
VALUES (18, '2024-05-19 13:33:57', '2024-05-19 13:33:57', 32110306, 681300, 'KRW-BCH', 'SHORT', -471309, 8);
INSERT INTO funco.follow_trade (id, created_at, updated_at, order_cash, price, ticker, trade_type, volume, follow_id)
VALUES (19, '2024-05-19 13:33:57', '2024-05-19 13:33:57', 32110306, 681300, 'KRW-BCH', 'SHORT', -471309, 17);
INSERT INTO funco.follow_trade (id, created_at, updated_at, order_cash, price, ticker, trade_type, volume, follow_id)
VALUES (20, '2024-05-19 14:02:01', '2024-05-19 14:02:01', 30057048, 605.2, 'KRW-HUNT', 'SHORT', 5463111, 8);
INSERT INTO funco.follow_trade (id, created_at, updated_at, order_cash, price, ticker, trade_type, volume, follow_id)
VALUES (21, '2024-05-19 14:02:01', '2024-05-19 14:02:01', 30057048, 605.2, 'KRW-HUNT', 'SHORT', 5463111, 17);
INSERT INTO funco.follow_trade (id, created_at, updated_at, order_cash, price, ticker, trade_type, volume, follow_id)
VALUES (22, '2024-05-19 16:19:00', '2024-05-19 16:19:00', 73, 93178000, 'KRW-BTC', 'BUY', 0.0000007918, 18);
INSERT INTO funco.follow_trade (id, created_at, updated_at, order_cash, price, ticker, trade_type, volume, follow_id)
VALUES (23, '2024-05-19 16:19:14', '2024-05-19 16:19:14', 22094, 93155000, 'KRW-BTC', 'BUY', 0.000237178, 19);
INSERT INTO funco.follow_trade (id, created_at, updated_at, order_cash, price, ticker, trade_type, volume, follow_id)
VALUES (24, '2024-05-19 16:20:23', '2024-05-19 16:20:23', 73, 93155000, 'KRW-BTC', 'SELL', 0.0000007918, 18);
INSERT INTO funco.follow_trade (id, created_at, updated_at, order_cash, price, ticker, trade_type, volume, follow_id)
VALUES (25, '2024-05-19 16:20:24', '2024-05-19 16:20:24', 22094, 93155000, 'KRW-BTC', 'SELL', 0.000237178, 19);
INSERT INTO funco.follow_trade (id, created_at, updated_at, order_cash, price, ticker, trade_type, volume, follow_id)
VALUES (26, '2024-05-19 17:17:33', '2024-05-19 17:17:33', 1229315, 92944000, 'KRW-BTC', 'LONG', 247995, 7);
INSERT INTO funco.follow_trade (id, created_at, updated_at, order_cash, price, ticker, trade_type, volume, follow_id)
VALUES (27, '2024-05-19 17:17:33', '2024-05-19 17:17:33', 1229315, 92944000, 'KRW-BTC', 'LONG', 247995, 15);
INSERT INTO funco.follow_trade (id, created_at, updated_at, order_cash, price, ticker, trade_type, volume, follow_id)
VALUES (28, '2024-05-19 17:25:43', '2024-05-19 17:25:43', 11725, 53.5, 'KRW-XEM', 'BUY', 219.1700608821, 21);
INSERT INTO funco.follow_trade (id, created_at, updated_at, order_cash, price, ticker, trade_type, volume, follow_id)
VALUES (29, '2024-05-19 17:25:43', '2024-05-19 17:25:43', 13406, 93403000, 'KRW-BTC', 'BUY', 0.0001435391, 21);
INSERT INTO funco.follow_trade (id, created_at, updated_at, order_cash, price, ticker, trade_type, volume, follow_id)
VALUES (30, '2024-05-19 17:29:30', '2024-05-19 17:29:30', 33744152, 2394, 'KRW-ZETA', 'SHORT', 5638120, 8);
INSERT INTO funco.follow_trade (id, created_at, updated_at, order_cash, price, ticker, trade_type, volume, follow_id)
VALUES (31, '2024-05-19 17:29:30', '2024-05-19 17:29:30', 33744152, 2394, 'KRW-ZETA', 'SHORT', 5638120, 20);
INSERT INTO funco.follow_trade (id, created_at, updated_at, order_cash, price, ticker, trade_type, volume, follow_id)
VALUES (32, '2024-05-19 17:29:30', '2024-05-19 17:29:30', 33744152, 2394, 'KRW-ZETA', 'SHORT', 5638120, 21);
INSERT INTO funco.follow_trade (id, created_at, updated_at, order_cash, price, ticker, trade_type, volume, follow_id)
VALUES (33, '2024-05-19 17:43:35', '2024-05-19 17:43:35', 678322, 93351000, 'KRW-BTC', 'LONG', -726, 7);
INSERT INTO funco.follow_trade (id, created_at, updated_at, order_cash, price, ticker, trade_type, volume, follow_id)
VALUES (34, '2024-05-19 17:43:35', '2024-05-19 17:43:35', 678322, 93351000, 'KRW-BTC', 'LONG', -726, 15);
INSERT INTO funco.follow_trade (id, created_at, updated_at, order_cash, price, ticker, trade_type, volume, follow_id)
VALUES (35, '2024-05-19 17:45:16', '2024-05-19 17:45:16', 674862, 2374, 'KRW-ZETA', 'SHORT', 56854, 7);
INSERT INTO funco.follow_trade (id, created_at, updated_at, order_cash, price, ticker, trade_type, volume, follow_id)
VALUES (36, '2024-05-19 17:45:16', '2024-05-19 17:45:16', 674862, 2374, 'KRW-ZETA', 'SHORT', 56854, 15);
INSERT INTO funco.follow_trade (id, created_at, updated_at, order_cash, price, ticker, trade_type, volume, follow_id)
VALUES (37, '2024-05-19 17:47:12', '2024-05-19 17:47:12', 676888, 2375, 'KRW-ZETA', 'LONG', 28500, 7);
INSERT INTO funco.follow_trade (id, created_at, updated_at, order_cash, price, ticker, trade_type, volume, follow_id)
VALUES (38, '2024-05-19 17:47:12', '2024-05-19 17:47:12', 676888, 2375, 'KRW-ZETA', 'LONG', 28500, 15);
INSERT INTO funco.follow_trade (id, created_at, updated_at, order_cash, price, ticker, trade_type, volume, follow_id)
VALUES (39, '2024-05-19 17:53:49', '2024-05-19 17:53:49', 676212, 2375, 'KRW-ZETA', 'LONG', 10835, 7);
INSERT INTO funco.follow_trade (id, created_at, updated_at, order_cash, price, ticker, trade_type, volume, follow_id)
VALUES (40, '2024-05-19 17:53:49', '2024-05-19 17:53:49', 676212, 2375, 'KRW-ZETA', 'LONG', 20178, 15);
INSERT INTO funco.follow_trade (id, created_at, updated_at, order_cash, price, ticker, trade_type, volume, follow_id)
VALUES (41, '2024-05-19 18:01:37', '2024-05-19 18:01:37', 37413159, 377.5, 'KRW-STEEM', 'SHORT', -552039, 8);
INSERT INTO funco.follow_trade (id, created_at, updated_at, order_cash, price, ticker, trade_type, volume, follow_id)
VALUES (42, '2024-05-19 18:01:37', '2024-05-19 18:01:37', 37413159, 377.5, 'KRW-STEEM', 'SHORT', -64808, 21);
INSERT INTO funco.follow_trade (id, created_at, updated_at, order_cash, price, ticker, trade_type, volume, follow_id)
VALUES (43, '2024-05-19 18:07:58', '2024-05-19 18:07:58', 699879, 2379, 'KRW-ZETA', 'LONG', 20761, 7);
INSERT INTO funco.follow_trade (id, created_at, updated_at, order_cash, price, ticker, trade_type, volume, follow_id)
VALUES (44, '2024-05-19 18:07:58', '2024-05-19 18:07:58', 699879, 2379, 'KRW-ZETA', 'LONG', 38662, 15);
INSERT INTO funco.follow_trade (id, created_at, updated_at, order_cash, price, ticker, trade_type, volume, follow_id)
VALUES (45, '2024-05-19 18:08:44', '2024-05-19 18:08:44', 725898, 53.4, 'KRW-XEM', 'LONG', -11314, 7);
INSERT INTO funco.follow_trade (id, created_at, updated_at, order_cash, price, ticker, trade_type, volume, follow_id)
VALUES (46, '2024-05-19 18:08:44', '2024-05-19 18:08:44', 725898, 53.4, 'KRW-XEM', 'LONG', -21069, 15);
INSERT INTO funco.follow_trade (id, created_at, updated_at, order_cash, price, ticker, trade_type, volume, follow_id)
VALUES (47, '2024-05-19 18:14:44', '2024-05-19 18:14:44', 785077, 53.12, 'KRW-XEM', 'LONG', 0, 7);
INSERT INTO funco.follow_trade (id, created_at, updated_at, order_cash, price, ticker, trade_type, volume, follow_id)
VALUES (48, '2024-05-19 18:14:44', '2024-05-19 18:14:44', 785077, 53.12, 'KRW-XEM', 'LONG', 0, 15);
INSERT INTO funco.follow_trade (id, created_at, updated_at, order_cash, price, ticker, trade_type, volume, follow_id)
VALUES (49, '2024-05-19 18:24:25', '2024-05-19 18:24:25', 653308, 822.6, 'KRW-ZRX', 'LONG', 4151, 7);
INSERT INTO funco.follow_trade (id, created_at, updated_at, order_cash, price, ticker, trade_type, volume, follow_id)
VALUES (50, '2024-05-19 18:24:25', '2024-05-19 18:24:25', 653308, 822.6, 'KRW-ZRX', 'LONG', 7731, 15);
INSERT INTO funco.follow_trade (id, created_at, updated_at, order_cash, price, ticker, trade_type, volume, follow_id)
VALUES (51, '2024-05-19 18:38:36', '2024-05-19 18:38:36', 856797, 824.4, 'KRW-ZRX', 'LONG', -11308, 7);
INSERT INTO funco.follow_trade (id, created_at, updated_at, order_cash, price, ticker, trade_type, volume, follow_id)
VALUES (52, '2024-05-19 18:38:36', '2024-05-19 18:38:36', 856797, 824.4, 'KRW-ZRX', 'LONG', -21060, 15);
INSERT INTO funco.follow_trade (id, created_at, updated_at, order_cash, price, ticker, trade_type, volume, follow_id)
VALUES (53, '2024-05-19 22:28:03', '2024-05-19 22:28:03', 387922, 92405000, 'KRW-BTC', 'BUY', 0.0041980628, 8);
INSERT INTO funco.follow_trade (id, created_at, updated_at, order_cash, price, ticker, trade_type, volume, follow_id)
VALUES (54, '2024-05-19 22:28:03', '2024-05-19 22:28:03', 45541, 92405000, 'KRW-BTC', 'BUY', 0.0004928412, 21);
INSERT INTO funco.follow_trade (id, created_at, updated_at, order_cash, price, ticker, trade_type, volume, follow_id)
VALUES (55, '2024-05-19 22:33:39', '2024-05-19 22:33:39', 39029, 92220000, 'KRW-BTC', 'BUY', 0.0004232162, 7);
INSERT INTO funco.follow_trade (id, created_at, updated_at, order_cash, price, ticker, trade_type, volume, follow_id)
VALUES (56, '2024-05-19 22:33:39', '2024-05-19 22:33:39', 72682, 92220000, 'KRW-BTC', 'BUY', 0.000788137, 15);
INSERT INTO funco.follow_trade (id, created_at, updated_at, order_cash, price, ticker, trade_type, volume, follow_id)
VALUES (57, '2024-05-19 23:11:26', '2024-05-19 23:11:26', 390419, 93000000, 'KRW-BTC', 'SELL', 0.0041980628, 8);
INSERT INTO funco.follow_trade (id, created_at, updated_at, order_cash, price, ticker, trade_type, volume, follow_id)
VALUES (58, '2024-05-19 23:11:26', '2024-05-19 23:11:26', 56891, 93000000, 'KRW-BTC', 'SELL', 0.0006117383, 21);
INSERT INTO funco.follow_trade (id, created_at, updated_at, order_cash, price, ticker, trade_type, volume, follow_id)
VALUES (59, '2024-05-19 23:27:38', '2024-05-19 23:27:38', 17873, 93101000, 'KRW-BTC', 'BUY', 0.0001919743, 7);
INSERT INTO funco.follow_trade (id, created_at, updated_at, order_cash, price, ticker, trade_type, volume, follow_id)
VALUES (60, '2024-05-19 23:27:38', '2024-05-19 23:27:38', 33285, 93101000, 'KRW-BTC', 'BUY', 0.0003575149, 15);
INSERT INTO funco.follow_trade (id, created_at, updated_at, order_cash, price, ticker, trade_type, volume, follow_id)
VALUES (61, '2024-05-19 23:28:14', '2024-05-19 23:28:14', 16086, 38670, 'KRW-ETC', 'BUY', 0.4159813809, 7);
INSERT INTO funco.follow_trade (id, created_at, updated_at, order_cash, price, ticker, trade_type, volume, follow_id)
VALUES (62, '2024-05-19 23:28:14', '2024-05-19 23:28:14', 29957, 38670, 'KRW-ETC', 'BUY', 0.7746832169, 15);
INSERT INTO funco.follow_trade (id, created_at, updated_at, order_cash, price, ticker, trade_type, volume, follow_id)
VALUES (63, '2024-05-19 23:37:55', '2024-05-19 23:37:55', 772440, 92975000, 'KRW-BTC', 'BUY', 0.0083080397, 8);
INSERT INTO funco.follow_trade (id, created_at, updated_at, order_cash, price, ticker, trade_type, volume, follow_id)
VALUES (64, '2024-05-19 23:37:55', '2024-05-19 23:37:55', 92784, 92975000, 'KRW-BTC', 'BUY', 0.0009979456, 21);
INSERT INTO funco.follow_trade (id, created_at, updated_at, order_cash, price, ticker, trade_type, volume, follow_id)
VALUES (65, '2024-05-19 23:39:02', '2024-05-19 23:39:02', 24234, 93028000, 'KRW-BTC', 'BUY', 0.0002605043, 22);
INSERT INTO funco.follow_trade (id, created_at, updated_at, order_cash, price, ticker, trade_type, volume, follow_id)
VALUES (66, '2024-05-19 23:39:02', '2024-05-19 23:39:02', 19149, 38640, 'KRW-ETC', 'BUY', 0.4955826478, 22);
INSERT INTO funco.follow_trade (id, created_at, updated_at, order_cash, price, ticker, trade_type, volume, follow_id)
VALUES (67, '2024-05-19 23:39:02', '2024-05-19 23:39:02', 23587, 727.4, 'KRW-STORJ', 'BUY', 32.4269598869, 22);
INSERT INTO funco.follow_trade (id, created_at, updated_at, order_cash, price, ticker, trade_type, volume, follow_id)
VALUES (68, '2024-05-19 23:39:49', '2024-05-19 23:39:49', 403, 52.31, 'KRW-XEM', 'BUY', 7.7187835688, 23);
INSERT INTO funco.follow_trade (id, created_at, updated_at, order_cash, price, ticker, trade_type, volume, follow_id)
VALUES (69, '2024-05-19 23:39:49', '2024-05-19 23:39:49', 1364, 92992000, 'KRW-BTC', 'BUY', 0.000014668, 23);
INSERT INTO funco.follow_trade (id, created_at, updated_at, order_cash, price, ticker, trade_type, volume, follow_id)
VALUES (70, '2024-05-19 23:39:49', '2024-05-19 23:39:49', 264, 38640, 'KRW-ETC', 'BUY', 0.0068422236, 23);
INSERT INTO funco.follow_trade (id, created_at, updated_at, order_cash, price, ticker, trade_type, volume, follow_id)
VALUES (71, '2024-05-19 23:43:26', '2024-05-19 23:43:26', 512131, 92869000, 'KRW-BTC', 'SHORT', 540, 7);
INSERT INTO funco.follow_trade (id, created_at, updated_at, order_cash, price, ticker, trade_type, volume, follow_id)
VALUES (72, '2024-05-19 23:43:26', '2024-05-19 23:43:26', 512131, 92869000, 'KRW-BTC', 'SHORT', 1006, 15);
INSERT INTO funco.follow_trade (id, created_at, updated_at, order_cash, price, ticker, trade_type, volume, follow_id)
VALUES (73, '2024-05-19 23:45:00', '2024-05-19 23:45:00', 11436, 52.18, 'KRW-XEM', 'SELL', 219.1700608821, 21);
INSERT INTO funco.follow_trade (id, created_at, updated_at, order_cash, price, ticker, trade_type, volume, follow_id)
VALUES (74, '2024-05-19 23:45:00', '2024-05-19 23:45:00', 92606, 92797000, 'KRW-BTC', 'SELL', 0.0009979456, 21);
INSERT INTO funco.follow_trade (id, created_at, updated_at, order_cash, price, ticker, trade_type, volume, follow_id)
VALUES (75, '2024-05-19 23:47:22', '2024-05-19 23:47:22', 535719, 92869000, 'KRW-BTC', 'LONG', -2674, 8);
INSERT INTO funco.follow_trade (id, created_at, updated_at, order_cash, price, ticker, trade_type, volume, follow_id)
VALUES (76, '2024-05-20 00:13:16', '2024-05-20 00:13:16', 532602, 712.9, 'KRW-XRP', 'SHORT', -17505, 8);
INSERT INTO funco.follow_trade (id, created_at, updated_at, order_cash, price, ticker, trade_type, volume, follow_id)
VALUES (77, '2024-05-20 00:17:56', '2024-05-20 00:17:56', 2663012, 20820, 'KRW-NEO', 'SHORT', -508188, 8);
INSERT INTO funco.follow_trade (id, created_at, updated_at, order_cash, price, ticker, trade_type, volume, follow_id)
VALUES (78, '2024-05-20 00:19:12', '2024-05-20 00:19:12', 524437, 38360, 'KRW-ETC', 'SHORT', -76763, 8);
INSERT INTO funco.follow_trade (id, created_at, updated_at, order_cash, price, ticker, trade_type, volume, follow_id)
VALUES (79, '2024-05-20 00:20:05', '2024-05-20 00:20:05', 770786, 92776000, 'KRW-BTC', 'SELL', 0.0083080397, 8);
INSERT INTO funco.follow_trade (id, created_at, updated_at, order_cash, price, ticker, trade_type, volume, follow_id)
VALUES (80, '2024-05-20 01:00:35', '2024-05-20 01:00:35', 654, 712.7, 'KRW-XRP', 'BUY', 0.9176371544, 14);
INSERT INTO funco.follow_trade (id, created_at, updated_at, order_cash, price, ticker, trade_type, volume, follow_id)
VALUES (81, '2024-05-20 01:19:22', '2024-05-20 01:19:22', 382201, 92936000, 'KRW-BTC', 'BUY', 0.0041125182, 8);
INSERT INTO funco.follow_trade (id, created_at, updated_at, order_cash, price, ticker, trade_type, volume, follow_id)
VALUES (82, '2024-05-20 01:27:22', '2024-05-20 01:27:22', 558896, 92793000, 'KRW-BTC', 'SHORT', 0, 7);
INSERT INTO funco.follow_trade (id, created_at, updated_at, order_cash, price, ticker, trade_type, volume, follow_id)
VALUES (83, '2024-05-20 01:27:22', '2024-05-20 01:27:22', 558896, 92793000, 'KRW-BTC', 'SHORT', 0, 15);
INSERT INTO funco.follow_trade (id, created_at, updated_at, order_cash, price, ticker, trade_type, volume, follow_id)
VALUES (84, '2024-05-20 01:27:27', '2024-05-20 01:27:27', 556102, 92850000, 'KRW-BTC', 'LONG', -438, 7);
INSERT INTO funco.follow_trade (id, created_at, updated_at, order_cash, price, ticker, trade_type, volume, follow_id)
VALUES (85, '2024-05-20 01:27:27', '2024-05-20 01:27:27', 556102, 92850000, 'KRW-BTC', 'LONG', -816, 15);
INSERT INTO funco.follow_trade (id, created_at, updated_at, order_cash, price, ticker, trade_type, volume, follow_id)
VALUES (86, '2024-05-20 01:27:42', '2024-05-20 01:27:42', 25560, 92793000, 'KRW-BTC', 'SELL', 0.0002754541, 7);
INSERT INTO funco.follow_trade (id, created_at, updated_at, order_cash, price, ticker, trade_type, volume, follow_id)
VALUES (87, '2024-05-20 01:27:42', '2024-05-20 01:27:42', 10464, 92793000, 'KRW-BTC', 'SELL', 0.0001127776, 15);
INSERT INTO funco.follow_trade (id, created_at, updated_at, order_cash, price, ticker, trade_type, volume, follow_id)
VALUES (88, '2024-05-20 01:28:09', '2024-05-20 01:28:09', 23027, 92888000, 'KRW-BTC', 'SELL', 0.0002479087, 7);
INSERT INTO funco.follow_trade (id, created_at, updated_at, order_cash, price, ticker, trade_type, volume, follow_id)
VALUES (89, '2024-05-20 01:28:09', '2024-05-20 01:28:09', 9428, 92888000, 'KRW-BTC', 'SELL', 0.0001014998, 15);
INSERT INTO funco.follow_trade (id, created_at, updated_at, order_cash, price, ticker, trade_type, volume, follow_id)
VALUES (90, '2024-05-20 01:32:59', '2024-05-20 01:32:59', 381682, 92810000, 'KRW-BTC', 'SELL', 0.0041125182, 8);
INSERT INTO funco.follow_trade (id, created_at, updated_at, order_cash, price, ticker, trade_type, volume, follow_id)
VALUES (91, '2024-05-20 01:35:08', '2024-05-20 01:35:08', 380240, 92815000, 'KRW-BTC', 'BUY', 0.0040967516, 8);
INSERT INTO funco.follow_trade (id, created_at, updated_at, order_cash, price, ticker, trade_type, volume, follow_id)
VALUES (92, '2024-05-20 01:35:10', '2024-05-20 01:35:10', 378036, 92722000, 'KRW-BTC', 'BUY', 0.0040770906, 8);
INSERT INTO funco.follow_trade (id, created_at, updated_at, order_cash, price, ticker, trade_type, volume, follow_id)
VALUES (93, '2024-05-20 01:41:48', '2024-05-20 01:41:48', 24185, 92840000, 'KRW-BTC', 'SELL', 0.0002605043, 22);
INSERT INTO funco.follow_trade (id, created_at, updated_at, order_cash, price, ticker, trade_type, volume, follow_id)
VALUES (94, '2024-05-20 01:41:48', '2024-05-20 01:41:48', 18980, 38300, 'KRW-ETC', 'SELL', 0.4955826478, 22);
INSERT INTO funco.follow_trade (id, created_at, updated_at, order_cash, price, ticker, trade_type, volume, follow_id)
VALUES (95, '2024-05-20 01:41:48', '2024-05-20 01:41:48', 23421, 722.3, 'KRW-STORJ', 'SELL', 32.4269598869, 22);
INSERT INTO funco.follow_trade (id, created_at, updated_at, order_cash, price, ticker, trade_type, volume, follow_id)
VALUES (96, '2024-05-20 01:44:20', '2024-05-20 01:44:20', 20720, 92870000, 'KRW-BTC', 'SELL', 0.0002231178, 7);
INSERT INTO funco.follow_trade (id, created_at, updated_at, order_cash, price, ticker, trade_type, volume, follow_id)
VALUES (97, '2024-05-20 01:44:20', '2024-05-20 01:44:20', 8483, 92870000, 'KRW-BTC', 'SELL', 0.0000913498, 15);
INSERT INTO funco.follow_trade (id, created_at, updated_at, order_cash, price, ticker, trade_type, volume, follow_id)
VALUES (98, '2024-05-20 01:56:34', '2024-05-20 01:56:34', 18606, 92660000, 'KRW-BTC', 'SELL', 0.000200806, 7);
INSERT INTO funco.follow_trade (id, created_at, updated_at, order_cash, price, ticker, trade_type, volume, follow_id)
VALUES (99, '2024-05-20 01:56:34', '2024-05-20 01:56:34', 7618, 92660000, 'KRW-BTC', 'SELL', 0.0000822148, 15);
INSERT INTO funco.follow_trade (id, created_at, updated_at, order_cash, price, ticker, trade_type, volume, follow_id)
VALUES (100, '2024-05-20 01:56:53', '2024-05-20 01:56:53', 648064, 92660000, 'KRW-BTC', 'LONG', 619, 7);
INSERT INTO funco.follow_trade (id, created_at, updated_at, order_cash, price, ticker, trade_type, volume, follow_id)
VALUES (101, '2024-05-20 01:56:53', '2024-05-20 01:56:53', 648064, 92660000, 'KRW-BTC', 'LONG', 823, 15);
INSERT INTO funco.follow_trade (id, created_at, updated_at, order_cash, price, ticker, trade_type, volume, follow_id)
VALUES (102, '2024-05-20 01:57:00', '2024-05-20 01:57:00', 646485, 92710000, 'KRW-BTC', 'SHORT', 0, 7);
INSERT INTO funco.follow_trade (id, created_at, updated_at, order_cash, price, ticker, trade_type, volume, follow_id)
VALUES (103, '2024-05-20 01:57:00', '2024-05-20 01:57:00', 646485, 92710000, 'KRW-BTC', 'SHORT', 0, 15);
INSERT INTO funco.follow_trade (id, created_at, updated_at, order_cash, price, ticker, trade_type, volume, follow_id)
VALUES (104, '2024-05-20 01:58:28', '2024-05-20 01:58:28', 167458, 92659000, 'KRW-BTC', 'SELL', 0.0018072547, 7);
INSERT INTO funco.follow_trade (id, created_at, updated_at, order_cash, price, ticker, trade_type, volume, follow_id)
VALUES (105, '2024-05-20 01:58:28', '2024-05-20 01:58:28', 28618, 51.74, 'KRW-XEM', 'SELL', 553.118040089, 7);
INSERT INTO funco.follow_trade (id, created_at, updated_at, order_cash, price, ticker, trade_type, volume, follow_id)
VALUES (106, '2024-05-20 01:58:28', '2024-05-20 01:58:28', 15848, 38100, 'KRW-ETC', 'SELL', 0.4159813809, 7);
INSERT INTO funco.follow_trade (id, created_at, updated_at, order_cash, price, ticker, trade_type, volume, follow_id)
VALUES (107, '2024-05-20 01:58:36', '2024-05-20 01:58:36', 28313, 92695000, 'KRW-BTC', 'BUY', 0.0003054522, 24);
INSERT INTO funco.follow_trade (id, created_at, updated_at, order_cash, price, ticker, trade_type, volume, follow_id)
VALUES (108, '2024-05-20 01:58:53', '2024-05-20 01:58:53', 621, 51.72, 'KRW-XEM', 'BUY', 12.0142027729, 25);
INSERT INTO funco.follow_trade (id, created_at, updated_at, order_cash, price, ticker, trade_type, volume, follow_id)
VALUES (109, '2024-05-20 01:58:53', '2024-05-20 01:58:53', 1388, 92693000, 'KRW-BTC', 'BUY', 0.0000149792, 25);
INSERT INTO funco.follow_trade (id, created_at, updated_at, order_cash, price, ticker, trade_type, volume, follow_id)
VALUES (110, '2024-05-20 01:58:53', '2024-05-20 01:58:53', 405, 38100, 'KRW-ETC', 'BUY', 0.0106498372, 25);
INSERT INTO funco.follow_trade (id, created_at, updated_at, order_cash, price, ticker, trade_type, volume, follow_id)
VALUES (111, '2024-05-20 02:14:04', '2024-05-20 02:14:04', 608826, 92614000, 'KRW-BTC', 'BUY', 0.0065738009, 8);
INSERT INTO funco.follow_trade (id, created_at, updated_at, order_cash, price, ticker, trade_type, volume, follow_id)
VALUES (112, '2024-05-20 02:15:55', '2024-05-20 02:15:55', 672, 52, 'KRW-XEM', 'BUY', 12.9285571062, 26);
INSERT INTO funco.follow_trade (id, created_at, updated_at, order_cash, price, ticker, trade_type, volume, follow_id)
VALUES (113, '2024-05-20 02:15:55', '2024-05-20 02:15:55', 1494, 92708000, 'KRW-BTC', 'BUY', 0.0000161192, 26);
INSERT INTO funco.follow_trade (id, created_at, updated_at, order_cash, price, ticker, trade_type, volume, follow_id)
VALUES (114, '2024-05-20 02:15:55', '2024-05-20 02:15:55', 438, 38230, 'KRW-ETC', 'BUY', 0.0114603631, 26);
INSERT INTO funco.follow_trade (id, created_at, updated_at, order_cash, price, ticker, trade_type, volume, follow_id)
VALUES (115, '2024-05-20 02:27:36', '2024-05-20 02:27:36', 541752, 92805000, 'KRW-BTC', 'LONG', 0, 15);
INSERT INTO funco.follow_trade (id, created_at, updated_at, order_cash, price, ticker, trade_type, volume, follow_id)
VALUES (116, '2024-05-20 02:27:36', '2024-05-20 02:27:36', 541752, 92805000, 'KRW-BTC', 'LONG', 0, 24);
INSERT INTO funco.follow_trade (id, created_at, updated_at, order_cash, price, ticker, trade_type, volume, follow_id)
VALUES (117, '2024-05-20 02:35:21', '2024-05-20 02:35:21', 1320156, 92870000, 'KRW-BTC', 'SELL', 0.0142150986, 8);
INSERT INTO funco.follow_trade (id, created_at, updated_at, order_cash, price, ticker, trade_type, volume, follow_id)
VALUES (118, '2024-05-20 02:36:55', '2024-05-20 02:36:55', 539044, 92769000, 'KRW-BTC', 'LONG', 13, 15);
INSERT INTO funco.follow_trade (id, created_at, updated_at, order_cash, price, ticker, trade_type, volume, follow_id)
VALUES (119, '2024-05-20 02:36:55', '2024-05-20 02:36:55', 539044, 92769000, 'KRW-BTC', 'LONG', 8, 24);
INSERT INTO funco.follow_trade (id, created_at, updated_at, order_cash, price, ticker, trade_type, volume, follow_id)
VALUES (120, '2024-05-20 02:41:53', '2024-05-20 02:41:53', 536376, 92671000, 'KRW-BTC', 'LONG', 1079, 15);
INSERT INTO funco.follow_trade (id, created_at, updated_at, order_cash, price, ticker, trade_type, volume, follow_id)
VALUES (121, '2024-05-20 02:41:53', '2024-05-20 02:41:53', 536376, 92671000, 'KRW-BTC', 'LONG', 681, 24);
INSERT INTO funco.follow_trade (id, created_at, updated_at, order_cash, price, ticker, trade_type, volume, follow_id)
VALUES (122, '2024-05-20 02:42:41', '2024-05-20 02:42:41', 535894, 92748000, 'KRW-BTC', 'SHORT', 0, 15);
INSERT INTO funco.follow_trade (id, created_at, updated_at, order_cash, price, ticker, trade_type, volume, follow_id)
VALUES (123, '2024-05-20 02:42:41', '2024-05-20 02:42:41', 535894, 92748000, 'KRW-BTC', 'SHORT', 0, 24);
INSERT INTO funco.follow_trade (id, created_at, updated_at, order_cash, price, ticker, trade_type, volume, follow_id)
VALUES (124, '2024-05-20 02:44:12', '2024-05-20 02:44:12', 463, 51.98, 'KRW-XEM', 'BUY', 8.9171560895, 27);
INSERT INTO funco.follow_trade (id, created_at, updated_at, order_cash, price, ticker, trade_type, volume, follow_id)
VALUES (125, '2024-05-20 02:44:12', '2024-05-20 02:44:12', 1031, 92748000, 'KRW-BTC', 'BUY', 0.0000111178, 27);
INSERT INTO funco.follow_trade (id, created_at, updated_at, order_cash, price, ticker, trade_type, volume, follow_id)
VALUES (126, '2024-05-20 02:44:12', '2024-05-20 02:44:12', 302, 38290, 'KRW-ETC', 'BUY', 0.0079045135, 27);
INSERT INTO funco.follow_trade (id, created_at, updated_at, order_cash, price, ticker, trade_type, volume, follow_id)
VALUES (127, '2024-05-20 02:45:39', '2024-05-20 02:45:39', 463, 51.98, 'KRW-XEM', 'SELL', 8.9171560895, 27);
INSERT INTO funco.follow_trade (id, created_at, updated_at, order_cash, price, ticker, trade_type, volume, follow_id)
VALUES (128, '2024-05-20 02:45:39', '2024-05-20 02:45:39', 1031, 92748000, 'KRW-BTC', 'SELL', 0.0000111178, 27);
INSERT INTO funco.follow_trade (id, created_at, updated_at, order_cash, price, ticker, trade_type, volume, follow_id)
VALUES (129, '2024-05-20 02:45:39', '2024-05-20 02:45:39', 302, 38230, 'KRW-ETC', 'SELL', 0.0079045135, 27);
INSERT INTO funco.follow_trade (id, created_at, updated_at, order_cash, price, ticker, trade_type, volume, follow_id)
VALUES (130, '2024-05-20 02:45:51', '2024-05-20 02:45:51', 672, 51.98, 'KRW-XEM', 'SELL', 12.9285571062, 26);
INSERT INTO funco.follow_trade (id, created_at, updated_at, order_cash, price, ticker, trade_type, volume, follow_id)
VALUES (131, '2024-05-20 02:45:51', '2024-05-20 02:45:51', 1495, 92748000, 'KRW-BTC', 'SELL', 0.0000161192, 26);
INSERT INTO funco.follow_trade (id, created_at, updated_at, order_cash, price, ticker, trade_type, volume, follow_id)
VALUES (132, '2024-05-20 02:45:51', '2024-05-20 02:45:51', 438, 38230, 'KRW-ETC', 'SELL', 0.0114603631, 26);
INSERT INTO funco.follow_trade (id, created_at, updated_at, order_cash, price, ticker, trade_type, volume, follow_id)
VALUES (133, '2024-05-20 03:16:58', '2024-05-20 03:16:58', 368945, 92752000, 'KRW-BTC', 'BUY', 0.0039777578, 8);
INSERT INTO funco.follow_trade (id, created_at, updated_at, order_cash, price, ticker, trade_type, volume, follow_id)
VALUES (134, '2024-05-20 03:17:18', '2024-05-20 03:17:18', 626, 52.12, 'KRW-XEM', 'SELL', 12.0142027729, 25);
INSERT INTO funco.follow_trade (id, created_at, updated_at, order_cash, price, ticker, trade_type, volume, follow_id)
VALUES (135, '2024-05-20 03:17:18', '2024-05-20 03:17:18', 1389, 92752000, 'KRW-BTC', 'SELL', 0.0000149792, 25);
INSERT INTO funco.follow_trade (id, created_at, updated_at, order_cash, price, ticker, trade_type, volume, follow_id)
VALUES (136, '2024-05-20 03:17:18', '2024-05-20 03:17:18', 408, 38370, 'KRW-ETC', 'SELL', 0.0106498372, 25);
INSERT INTO funco.follow_trade (id, created_at, updated_at, order_cash, price, ticker, trade_type, volume, follow_id)
VALUES (137, '2024-05-20 03:34:18', '2024-05-20 03:34:18', 368519, 92645000, 'KRW-BTC', 'SELL', 0.0039777578, 8);
INSERT INTO funco.follow_trade (id, created_at, updated_at, order_cash, price, ticker, trade_type, volume, follow_id)
VALUES (138, '2024-05-20 03:58:55', '2024-05-20 03:58:55', 400, 51.93, 'KRW-XEM', 'SELL', 7.7187835688, 23);
INSERT INTO funco.follow_trade (id, created_at, updated_at, order_cash, price, ticker, trade_type, volume, follow_id)
VALUES (139, '2024-05-20 03:58:55', '2024-05-20 03:58:55', 1357, 92568000, 'KRW-BTC', 'SELL', 0.000014668, 23);
INSERT INTO funco.follow_trade (id, created_at, updated_at, order_cash, price, ticker, trade_type, volume, follow_id)
VALUES (140, '2024-05-20 03:58:55', '2024-05-20 03:58:55', 261, 38190, 'KRW-ETC', 'SELL', 0.0068422236, 23);
INSERT INTO funco.follow_trade (id, created_at, updated_at, order_cash, price, ticker, trade_type, volume, follow_id)
VALUES (141, '2024-05-20 04:06:14', '2024-05-20 04:06:14', 316057, 92451000, 'KRW-BTC', 'BUY', 0.0034186433, 8);
INSERT INTO funco.follow_trade (id, created_at, updated_at, order_cash, price, ticker, trade_type, volume, follow_id)
VALUES (142, '2024-05-20 04:06:17', '2024-05-20 04:06:17', 418, 51.8, 'KRW-XEM', 'BUY', 8.0886604138, 28);
INSERT INTO funco.follow_trade (id, created_at, updated_at, order_cash, price, ticker, trade_type, volume, follow_id)
VALUES (143, '2024-05-20 04:06:17', '2024-05-20 04:06:17', 932, 92451000, 'KRW-BTC', 'BUY', 0.0000100848, 28);
INSERT INTO funco.follow_trade (id, created_at, updated_at, order_cash, price, ticker, trade_type, volume, follow_id)
VALUES (144, '2024-05-20 04:06:17', '2024-05-20 04:06:17', 274, 38310, 'KRW-ETC', 'BUY', 0.0071701052, 28);
INSERT INTO funco.follow_trade (id, created_at, updated_at, order_cash, price, ticker, trade_type, volume, follow_id)
VALUES (145, '2024-05-20 04:06:25', '2024-05-20 04:06:25', 418, 51.8, 'KRW-XEM', 'SELL', 8.0886604138, 28);
INSERT INTO funco.follow_trade (id, created_at, updated_at, order_cash, price, ticker, trade_type, volume, follow_id)
VALUES (146, '2024-05-20 04:06:25', '2024-05-20 04:06:25', 932, 92450000, 'KRW-BTC', 'SELL', 0.0000100848, 28);
INSERT INTO funco.follow_trade (id, created_at, updated_at, order_cash, price, ticker, trade_type, volume, follow_id)
VALUES (147, '2024-05-20 04:06:25', '2024-05-20 04:06:25', 274, 38310, 'KRW-ETC', 'SELL', 0.0071701052, 28);
INSERT INTO funco.follow_trade (id, created_at, updated_at, order_cash, price, ticker, trade_type, volume, follow_id)
VALUES (148, '2024-05-20 04:28:33', '2024-05-20 04:28:33', 293, 52.35, 'KRW-XEM', 'BUY', 5.5988292508, 29);
INSERT INTO funco.follow_trade (id, created_at, updated_at, order_cash, price, ticker, trade_type, volume, follow_id)
VALUES (149, '2024-05-20 04:28:33', '2024-05-20 04:28:33', 644, 92390000, 'KRW-BTC', 'BUY', 0.0000069805, 29);
INSERT INTO funco.follow_trade (id, created_at, updated_at, order_cash, price, ticker, trade_type, volume, follow_id)
VALUES (150, '2024-05-20 04:28:33', '2024-05-20 04:28:33', 190, 38460, 'KRW-ETC', 'BUY', 0.0049630162, 29);
INSERT INTO funco.follow_trade (id, created_at, updated_at, order_cash, price, ticker, trade_type, volume, follow_id)
VALUES (151, '2024-05-20 04:28:46', '2024-05-20 04:28:46', 293, 52.35, 'KRW-XEM', 'SELL', 5.5988292508, 29);
INSERT INTO funco.follow_trade (id, created_at, updated_at, order_cash, price, ticker, trade_type, volume, follow_id)
VALUES (152, '2024-05-20 04:28:46', '2024-05-20 04:28:46', 645, 92402000, 'KRW-BTC', 'SELL', 0.0000069805, 29);
INSERT INTO funco.follow_trade (id, created_at, updated_at, order_cash, price, ticker, trade_type, volume, follow_id)
VALUES (153, '2024-05-20 04:28:46', '2024-05-20 04:28:46', 190, 38470, 'KRW-ETC', 'SELL', 0.0049630162, 29);
INSERT INTO funco.follow_trade (id, created_at, updated_at, order_cash, price, ticker, trade_type, volume, follow_id)
VALUES (154, '2024-05-20 04:30:51', '2024-05-20 04:30:51', 2498979, 604.5, 'KRW-HUNT', 'SHORT', -383494, 8);
INSERT INTO funco.follow_trade (id, created_at, updated_at, order_cash, price, ticker, trade_type, volume, follow_id)
VALUES (155, '2024-05-20 04:37:19', '2024-05-20 04:37:19', 2122324, 602.9, 'KRW-HUNT', 'LONG', -240926, 8);
INSERT INTO funco.follow_trade (id, created_at, updated_at, order_cash, price, ticker, trade_type, volume, follow_id)
VALUES (156, '2024-05-20 04:47:31', '2024-05-20 04:47:31', 315441, 92271000, 'KRW-BTC', 'SELL', 0.0034186433, 8);
INSERT INTO funco.follow_trade (id, created_at, updated_at, order_cash, price, ticker, trade_type, volume, follow_id)
VALUES (157, '2024-05-20 04:48:03', '2024-05-20 04:48:03', 17825, 92042000, 'KRW-BTC', 'BUY', 0.0001936615, 15);
INSERT INTO funco.follow_trade (id, created_at, updated_at, order_cash, price, ticker, trade_type, volume, follow_id)
VALUES (158, '2024-05-20 04:48:03', '2024-05-20 04:48:03', 11246, 92042000, 'KRW-BTC', 'BUY', 0.0001221833, 24);
INSERT INTO funco.follow_trade (id, created_at, updated_at, order_cash, price, ticker, trade_type, volume, follow_id)
VALUES (159, '2024-05-20 04:48:08', '2024-05-20 04:48:08', 8503, 92042000, 'KRW-BTC', 'SELL', 0.0000923912, 15);
INSERT INTO funco.follow_trade (id, created_at, updated_at, order_cash, price, ticker, trade_type, volume, follow_id)
VALUES (160, '2024-05-20 04:48:08', '2024-05-20 04:48:08', 3879, 92042000, 'KRW-BTC', 'SELL', 0.0000421526, 24);
INSERT INTO funco.follow_trade (id, created_at, updated_at, order_cash, price, ticker, trade_type, volume, follow_id)
VALUES (161, '2024-05-20 04:48:35', '2024-05-20 04:48:35', 460628, 92045000, 'KRW-BTC', 'LONG', 0, 15);
INSERT INTO funco.follow_trade (id, created_at, updated_at, order_cash, price, ticker, trade_type, volume, follow_id)
VALUES (162, '2024-05-20 04:48:35', '2024-05-20 04:48:35', 460628, 92045000, 'KRW-BTC', 'LONG', 0, 24);
INSERT INTO funco.follow_trade (id, created_at, updated_at, order_cash, price, ticker, trade_type, volume, follow_id)
VALUES (163, '2024-05-20 04:48:44', '2024-05-20 04:48:44', 458325, 2552, 'KRW-LSK', 'SHORT', 0, 15);
INSERT INTO funco.follow_trade (id, created_at, updated_at, order_cash, price, ticker, trade_type, volume, follow_id)
VALUES (164, '2024-05-20 04:48:44', '2024-05-20 04:48:44', 458325, 2552, 'KRW-LSK', 'SHORT', 0, 24);
INSERT INTO funco.follow_trade (id, created_at, updated_at, order_cash, price, ticker, trade_type, volume, follow_id)
VALUES (165, '2024-05-20 04:55:41', '2024-05-20 04:55:41', 416, 52.09, 'KRW-XEM', 'BUY', 8.0019127431, 30);
INSERT INTO funco.follow_trade (id, created_at, updated_at, order_cash, price, ticker, trade_type, volume, follow_id)
VALUES (166, '2024-05-20 04:55:41', '2024-05-20 04:55:41', 1026, 92014000, 'KRW-BTC', 'BUY', 0.0000111544, 30);
INSERT INTO funco.follow_trade (id, created_at, updated_at, order_cash, price, ticker, trade_type, volume, follow_id)
VALUES (167, '2024-05-20 04:55:41', '2024-05-20 04:55:41', 272, 38440, 'KRW-ETC', 'BUY', 0.0070931957, 30);
INSERT INTO funco.follow_trade (id, created_at, updated_at, order_cash, price, ticker, trade_type, volume, follow_id)
VALUES (168, '2024-05-20 04:55:48', '2024-05-20 04:55:48', 416, 52.09, 'KRW-XEM', 'SELL', 8.0019127431, 30);
INSERT INTO funco.follow_trade (id, created_at, updated_at, order_cash, price, ticker, trade_type, volume, follow_id)
VALUES (169, '2024-05-20 04:55:48', '2024-05-20 04:55:48', 1025, 91951000, 'KRW-BTC', 'SELL', 0.0000111544, 30);
INSERT INTO funco.follow_trade (id, created_at, updated_at, order_cash, price, ticker, trade_type, volume, follow_id)
VALUES (170, '2024-05-20 04:55:48', '2024-05-20 04:55:48', 272, 38440, 'KRW-ETC', 'SELL', 0.0070931957, 30);
INSERT INTO funco.follow_trade (id, created_at, updated_at, order_cash, price, ticker, trade_type, volume, follow_id)
VALUES (171, '2024-05-20 05:03:42', '2024-05-20 05:03:42', 2165325, 92080000, 'KRW-BTC', 'LONG', 210835, 8);
INSERT INTO funco.follow_trade (id, created_at, updated_at, order_cash, price, ticker, trade_type, volume, follow_id)
VALUES (172, '2024-05-20 05:25:04', '2024-05-20 05:25:04', 314418, 92320000, 'KRW-BTC', 'BUY', 0.0034057409, 8);
INSERT INTO funco.follow_trade (id, created_at, updated_at, order_cash, price, ticker, trade_type, volume, follow_id)
VALUES (173, '2024-05-20 05:36:05', '2024-05-20 05:36:05', 314417, 92320000, 'KRW-BTC', 'SELL', 0.0034057409, 8);
INSERT INTO funco.follow_trade (id, created_at, updated_at, order_cash, price, ticker, trade_type, volume, follow_id)
VALUES (174, '2024-05-20 05:41:19', '2024-05-20 05:41:19', 312846, 92226000, 'KRW-BTC', 'BUY', 0.003392167, 8);
INSERT INTO funco.follow_trade (id, created_at, updated_at, order_cash, price, ticker, trade_type, volume, follow_id)
VALUES (175, '2024-05-20 05:46:21', '2024-05-20 05:46:21', 312832, 92222000, 'KRW-BTC', 'SELL', 0.003392167, 8);
INSERT INTO funco.follow_trade (id, created_at, updated_at, order_cash, price, ticker, trade_type, volume, follow_id)
VALUES (176, '2024-05-20 07:06:51', '2024-05-20 07:06:51', 311281, 92248000, 'KRW-BTC', 'BUY', 0.0033743929, 8);
INSERT INTO funco.follow_trade (id, created_at, updated_at, order_cash, price, ticker, trade_type, volume, follow_id)
VALUES (177, '2024-05-20 07:07:49', '2024-05-20 07:07:49', 280153, 4967, 'KRW-QTUM', 'BUY', 56.4028588685, 8);
INSERT INTO funco.follow_trade (id, created_at, updated_at, order_cash, price, ticker, trade_type, volume, follow_id)
VALUES (178, '2024-05-20 08:14:03', '2024-05-20 08:14:03', 1739, 92323000, 'KRW-BTC', 'BUY', 0.0000188411, 34);
INSERT INTO funco.follow_trade (id, created_at, updated_at, order_cash, price, ticker, trade_type, volume, follow_id)
VALUES (179, '2024-05-20 08:15:08', '2024-05-20 08:15:08', 20202, 0.06916, 'KRW-XEC', 'BUY', 292105.2631578947, 13);
INSERT INTO funco.follow_trade (id, created_at, updated_at, order_cash, price, ticker, trade_type, volume, follow_id)
VALUES (180, '2024-05-20 08:15:26', '2024-05-20 08:15:26', 20199, 0.06915, 'KRW-XEC', 'SELL', 292105.2631578947, 13);
INSERT INTO funco.follow_trade (id, created_at, updated_at, order_cash, price, ticker, trade_type, volume, follow_id)
VALUES (181, '2024-05-20 08:16:47', '2024-05-20 08:16:47', 3626725, 92292000, 'KRW-BTC', 'SHORT', 111, 13);
INSERT INTO funco.follow_trade (id, created_at, updated_at, order_cash, price, ticker, trade_type, volume, follow_id)
VALUES (182, '2024-05-20 09:18:36', '2024-05-20 09:18:36', 27439, 92174000, 'KRW-BTC', 'BUY', 0.000297697, 35);

-- following_coin 테이블에 더미 데이터를 삽입합니다.
INSERT INTO funco.following_coin (id, created_at, updated_at, average_price, ticker, volume, follow_id)
VALUES (10, '2024-05-19 02:53:25', '2024-05-19 02:53:25', 53.88, 'KRW-XEM', 1030.0668151447, 15);
INSERT INTO funco.following_coin (id, created_at, updated_at, average_price, ticker, volume, follow_id)
VALUES (16, '2024-05-19 22:33:39', '2024-05-20 04:48:08', 92400973.546, 'KRW-BTC', 0.0008315213, 15);
INSERT INTO funco.following_coin (id, created_at, updated_at, average_price, ticker, volume, follow_id)
VALUES (18, '2024-05-19 23:28:14', '2024-05-19 23:28:14', 38670, 'KRW-ETC', 0.7746832169, 15);
INSERT INTO funco.following_coin (id, created_at, updated_at, average_price, ticker, volume, follow_id)
VALUES (27, '2024-05-20 01:00:35', '2024-05-20 01:00:35', 712.7, 'KRW-XRP', 0.9176371544, 14);
INSERT INTO funco.following_coin (id, created_at, updated_at, average_price, ticker, volume, follow_id)
VALUES (30, '2024-05-20 01:58:36', '2024-05-20 04:48:08', 92508425.931, 'KRW-BTC', 0.0003793738, 24);
INSERT INTO funco.following_coin (id, created_at, updated_at, average_price, ticker, volume, follow_id)
VALUES (53, '2024-05-20 07:06:51', '2024-05-20 07:06:51', 92248000, 'KRW-BTC', 0.0033743929, 8);
INSERT INTO funco.following_coin (id, created_at, updated_at, average_price, ticker, volume, follow_id)
VALUES (54, '2024-05-20 07:07:49', '2024-05-20 07:07:49', 4967, 'KRW-QTUM', 56.4028588685, 8);
INSERT INTO funco.following_coin (id, created_at, updated_at, average_price, ticker, volume, follow_id)
VALUES (55, '2024-05-20 08:14:03', '2024-05-20 08:14:03', 92323000, 'KRW-BTC', 0.0000188411, 34);
INSERT INTO funco.following_coin (id, created_at, updated_at, average_price, ticker, volume, follow_id)
VALUES (57, '2024-05-20 09:18:36', '2024-05-20 09:18:36', 92174000, 'KRW-BTC', 0.000297697, 35);


-- note 테이블에 더미 데이터를 삽입합니다.
INSERT INTO funco.note (member_id, title, content, ticker, thumbnail_image, thumbnail_content, created_at, updated_at)
VALUES (1, '비트코인 장기 투자 전략',
        '<h2>비트코인에 대한 장기 투자 전략을 공유합니다</h2>
        <p>비트코인은 대표적인 암호화폐로, 장기 투자 관점에서 많은 잠재력을 가지고 있습니다.</p>
        <img src="https://fonco-image.s3.ap-northeast-2.amazonaws.com/f0d542dd-cf0a-4051-adbe-d9912e574aa8%E1%84%89%E1%85%B3%E1%84%8F%E1%85%B3%E1%84%85%E1%85%B5%E1%86%AB%E1%84%89%E1%85%A3%E1%86%BA%202024-05-19%20%E1%84%8B%E1%85%A9%E1%84%92%E1%85%AE%2011.48.44.png" alt="BTC 차트">
        <h3>주요 전략</h3>
        <ul>
          <li><strong>분산 투자:</strong> 여러 자산에 분산 투자하여 리스크를 줄입니다.</li>
          <li><strong>장기 보유:</strong> 단기 변동성에 신경쓰지 말고 장기적으로 보유합니다.</li>
          <li><strong>시장 분석:</strong> 주기적인 시장 분석을 통해 투자 결정을 내립니다.</li>
        </ul>',
        'KRW-BTC',
        'https://fonco-image.s3.ap-northeast-2.amazonaws.com/f0d542dd-cf0a-4051-adbe-d9912e574aa8%E1%84%89%E1%85%B3%E1%84%8F%E1%85%B3%E1%84%85%E1%85%B5%E1%86%AB%E1%84%89%E1%85%A3%E1%86%BA%202024-05-19%20%E1%84%8B%E1%85%A9%E1%84%92%E1%85%AE%2011.48.44.png',
        '비트코인 투자에 대한 간단한 요약입니다.', NOW(), NOW()),

       (2, '이더리움 스마트 계약 분석',
        '<h2>이더리움 네트워크의 최근 업데이트와 향후 전망을 분석합니다</h2>
        <p>이더리움은 스마트 계약 기능을 가진 플랫폼으로, DeFi 및 NFT 분야에서 중요한 역할을 합니다.</p>
        <img src="https://fonco-image.s3.ap-northeast-2.amazonaws.com/4f6978d9-4fc1-4923-98a5-403aa34851b7%E1%84%89%E1%85%B3%E1%84%8F%E1%85%B3%E1%84%85%E1%85%B5%E1%86%AB%E1%84%89%E1%85%A3%E1%86%BA%202024-05-19%20%E1%84%8B%E1%85%A9%E1%84%92%E1%85%AE%2011.48.54.png" alt="ETH 차트">
        <h3>분석 내용</h3>
        <ul>
          <li><strong>기술적 분석:</strong> 최근 업데이트 및 기술적 발전 사항을 분석합니다.</li>
          <li><strong>시장 전망:</strong> 향후 시장 전망과 투자 가능성을 평가합니다.</li>
        </ul>',
        'KRW-ETH',
        'https://fonco-image.s3.ap-northeast-2.amazonaws.com/4f6978d9-4fc1-4923-98a5-403aa34851b7%E1%84%89%E1%85%B3%E1%84%8F%E1%85%B3%E1%84%85%E1%85%B5%E1%86%AB%E1%84%89%E1%85%A3%E1%86%BA%202024-05-19%20%E1%84%8B%E1%85%A9%E1%84%92%E1%85%AE%2011.48.54.png',
        '이더리움 투자에 대한 간단한 요약입니다.', NOW(), NOW()),

       (3, '리플의 미래 성장 가능성',
        '<h2>리플의 법적 문제와 향후 발전 가능성에 대해 논의합니다</h2>
        <p>리플은 송금 서비스에 특화된 암호화폐로, 최근 법적 문제에도 불구하고 성장 가능성을 가지고 있습니다.</p>
        <img src="https://fonco-image.s3.ap-northeast-2.amazonaws.com/777ab5d0-b0fb-48c6-8dba-605bb0f3950d%E1%84%89%E1%85%B3%E1%84%8F%E1%85%B3%E1%84%85%E1%85%B5%E1%86%AB%E1%84%89%E1%85%A3%E1%86%BA%202024-05-19%20%E1%84%8B%E1%85%A9%E1%84%92%E1%85%AE%2011.49.04.png" alt="XRP 차트">
        <h3>주요 내용</h3>
        <ul>
          <li><strong>법적 이슈:</strong> 현재 진행 중인 법적 문제와 그 영향.</li>
          <li><strong>미래 전망:</strong> 향후 기술적 발전과 시장 반응.</li>
        </ul>',
        'KRW-XRP',
        'https://fonco-image.s3.ap-northeast-2.amazonaws.com/777ab5d0-b0fb-48c6-8dba-605bb0f3950d%E1%84%89%E1%85%B3%E1%84%8F%E1%85%B3%E1%84%85%E1%85%B5%E1%86%AB%E1%84%89%E1%85%A3%E1%86%BA%202024-05-19%20%E1%84%8B%E1%85%A9%E1%84%92%E1%85%AE%2011.49.04.png',
        '리플 투자에 대한 간단한 요약입니다.', NOW(), NOW()),


       (5, '도지코인 투자 리스크',
        '<h2>도지코인의 투자 리스크와 회복 가능성에 대해 논의합니다</h2>
        <p>도지코인은 밈 코인으로 시작했지만, 현재는 많은 주목을 받고 있습니다.</p>
        <img src="https://fonco-image.s3.ap-northeast-2.amazonaws.com/c34de5c3-64ab-4c2a-8cad-ee022b0567e3%E1%84%89%E1%85%B3%E1%84%8F%E1%85%B3%E1%84%85%E1%85%B5%E1%86%AB%E1%84%89%E1%85%A3%E1%86%BA%202024-05-19%20%E1%84%8B%E1%85%A9%E1%84%92%E1%85%AE%2011.56.14.png" alt="DOGE 차트">
        <h3>주요 내용</h3>
        <ul>
          <li><strong>투자 리스크:</strong> 도지코인의 주요 리스크 요인.</li>
          <li><strong>회복 가능성:</strong> 시장 회복 가능성과 전략.</li>
        </ul>',
        'KRW-DOGE',
        'https://fonco-image.s3.ap-northeast-2.amazonaws.com/c34de5c3-64ab-4c2a-8cad-ee022b0567e3%E1%84%89%E1%85%B3%E1%84%8F%E1%85%B3%E1%84%85%E1%85%B5%E1%86%AB%E1%84%89%E1%85%A3%E1%86%BA%202024-05-19%20%E1%84%8B%E1%85%A9%E1%84%92%E1%85%AE%2011.56.14.png',
        '도지코인 투자에 대한 간단한 요약입니다.', NOW(), NOW()),

       (6, '폴카닷 기술 분석',
        '<h2>폴카닷의 기술적 분석과 향후 발전 가능성에 대해 논의합니다</h2>
        <p>폴카닷은 블록체인 간 상호운용성을 제공하는 프로젝트입니다.</p>
        <img src="https://fonco-image.s3.ap-northeast-2.amazonaws.com/01265e23-22eb-4068-bf11-95e835f095b2%E1%84%89%E1%85%B3%E1%84%8F%E1%85%B3%E1%84%85%E1%85%B5%E1%86%AB%E1%84%89%E1%85%A3%E1%86%BA%202024-05-19%20%E1%84%8B%E1%85%A9%E1%84%92%E1%85%AE%2011.56.26.png" alt="DOT 차트">
        <h3>분석 내용</h3>
        <ul>
          <li><strong>기술적 특성:</strong> 폴카닷의 주요 기술적 특성과 장점.</li>
          <li><strong>시장 전망:</strong> 향후 발전 가능성과 투자 기회.</li>
        </ul>',
        'KRW-DOT',
        'https://fonco-image.s3.ap-northeast-2.amazonaws.com/01265e23-22eb-4068-bf11-95e835f095b2%E1%84%89%E1%85%B3%E1%84%8F%E1%85%B3%E1%84%85%E1%85%B5%E1%86%AB%E1%84%89%E1%85%A3%E1%86%BA%202024-05-19%20%E1%84%8B%E1%85%A9%E1%84%92%E1%85%AE%2011.56.26.png',
        '폴카닷 투자에 대한 간단한 요약입니다.', NOW(), NOW()),

       (7, '체인링크의 역할',
        '<h2>체인링크가 DeFi 생태계에서 수행하는 역할과 그 중요성에 대해 설명합니다</h2>
        <p>체인링크는 스마트 계약을 위한 오라클 서비스를 제공합니다.</p>
        <img src="https://fonco-image.s3.ap-northeast-2.amazonaws.com/82cdb7fa-48f1-4afd-943d-54739da87b5b%E1%84%89%E1%85%B3%E1%84%8F%E1%85%B3%E1%84%85%E1%85%B5%E1%86%AB%E1%84%89%E1%85%A3%E1%86%BA%202024-05-19%20%E1%84%8B%E1%85%A9%E1%84%92%E1%85%AE%2011.56.36.png" alt="LINK 차트">
        <h3>주요 내용</h3>
        <ul>
          <li><strong>기술적 분석:</strong> 체인링크의 기술적 특성과 역할.</li>
          <li><strong>시장 중요성:</strong> DeFi 생태계에서의 체인링크의 중요성.</li>
        </ul>',
        'KRW-LINK',
        'https://fonco-image.s3.ap-northeast-2.amazonaws.com/82cdb7fa-48f1-4afd-943d-54739da87b5b%E1%84%89%E1%85%B3%E1%84%8F%E1%85%B3%E1%84%85%E1%85%B5%E1%86%AB%E1%84%89%E1%85%A3%E1%86%BA%202024-05-19%20%E1%84%8B%E1%85%A9%E1%84%92%E1%85%AE%2011.56.36.png',
        '체인링크 투자에 대한 간단한 요약입니다.', NOW(), NOW()),


       (1, '비트코인 캐시의 기술적 분석',
        '<h2>비트코인 캐시의 기술적 분석과 미래 가능성을 논의합니다</h2>
        <p>비트코인 캐시는 비트코인의 하드포크로서, 빠른 거래를 목표로 합니다.</p>
        <img src="https://fonco-image.s3.ap-northeast-2.amazonaws.com/f0d542dd-cf0a-4051-adbe-d9912e574aa8%E1%84%89%E1%85%B3%E1%84%8F%E1%85%B3%E1%84%85%E1%85%B5%E1%86%AB%E1%84%89%E1%85%A3%E1%86%BA%202024-05-19%20%E1%84%8B%E1%85%A9%E1%84%92%E1%85%AE%2011.48.44.png" alt="BCH 차트">
        <h3>주요 내용</h3>
        <ul>
          <li><strong>기술적 분석:</strong> 비트코인 캐시의 기술적 특성과 차이점.</li>
          <li><strong>미래 가능성:</strong> 향후 발전 가능성과 시장 전망.</li>
        </ul>',
        'KRW-BTC',
        'https://fonco-image.s3.ap-northeast-2.amazonaws.com/f0d542dd-cf0a-4051-adbe-d9912e574aa8%E1%84%89%E1%85%B3%E1%84%8F%E1%85%B3%E1%84%85%E1%85%B5%E1%86%AB%E1%84%89%E1%85%A3%E1%86%BA%202024-05-19%20%E1%84%8B%E1%85%A9%E1%84%92%E1%85%AE%2011.48.44.png',
        '비트코인 캐시 투자에 대한 간단한 요약입니다.', NOW(), NOW()),

       (2, '스텔라루멘 기술 분석',
        '<h2>스텔라루멘의 기술적 분석과 향후 전망을 살펴봅니다</h2>
        <p>스텔라루멘은 저비용 국제 송금을 목표로 합니다.</p>
        <img src="https://fonco-image.s3.ap-northeast-2.amazonaws.com/a6397a8d-15a1-4826-b8dd-7a637c9e61d8%E1%84%89%E1%85%B3%E1%84%8F%E1%85%B3%E1%84%85%E1%85%B5%E1%86%AB%E1%84%89%E1%85%A3%E1%86%BA%202024-05-19%20%E1%84%8B%E1%85%A9%E1%84%92%E1%85%AE%2011.56.44.png" alt="XLM 차트">
        <h3>분석 내용</h3>
        <ul>
          <li><strong>기술적 특성:</strong> 스텔라루멘의 주요 기술적 특성.</li>
          <li><strong>시장 전망:</strong> 향후 시장 전망과 투자 전략.</li>
        </ul>',
        'KRW-XLM',
        'https://fonco-image.s3.ap-northeast-2.amazonaws.com/a6397a8d-15a1-4826-b8dd-7a637c9e61d8%E1%84%89%E1%85%B3%E1%84%8F%E1%85%B3%E1%84%85%E1%85%B5%E1%86%AB%E1%84%89%E1%85%A3%E1%86%BA%202024-05-19%20%E1%84%8B%E1%85%A9%E1%84%92%E1%85%AE%2011.56.44.png',
        '스텔라루멘 투자에 대한 간단한 요약입니다.', NOW(), NOW()),

       (3, '트론의 현재와 미래',
        '<h2>트론의 현재 상태와 향후 발전 가능성을 논의합니다</h2>
        <p>트론은 콘텐츠 공유 플랫폼을 목표로 하는 프로젝트입니다.</p>
        <img src="https://fonco-image.s3.ap-northeast-2.amazonaws.com/90ea2839-b634-4c96-b4a6-b34b078b36f5%E1%84%89%E1%85%B3%E1%84%8F%E1%85%B3%E1%84%85%E1%85%B5%E1%86%AB%E1%84%89%E1%85%A3%E1%86%BA%202024-05-19%20%E1%84%8B%E1%85%A9%E1%84%92%E1%85%AE%2011.56.52.png" alt="TRX 차트">
        <h3>주요 내용</h3>
        <ul>
          <li><strong>기술적 분석:</strong> 트론의 기술적 특성과 장점.</li>
          <li><strong>미래 전망:</strong> 향후 발전 가능성과 투자 기회.</li>
        </ul>',
        'KRW-TRX',
        'https://fonco-image.s3.ap-northeast-2.amazonaws.com/90ea2839-b634-4c96-b4a6-b34b078b36f5%E1%84%89%E1%85%B3%E1%84%8F%E1%85%B3%E1%84%85%E1%85%B5%E1%86%AB%E1%84%89%E1%85%A3%E1%86%BA%202024-05-19%20%E1%84%8B%E1%85%A9%E1%84%92%E1%85%AE%2011.56.52.png',
        '트론 투자에 대한 간단한 요약입니다.', NOW(), NOW()),

       (4, '이오스의 성장 잠재력',
        '<h2>이오스의 성장 잠재력과 기술적 분석을 수행합니다</h2>
        <p>이오스는 확장성과 성능을 중시하는 블록체인 플랫폼입니다.</p>
        <img src="https://fonco-image.s3.ap-northeast-2.amazonaws.com/acfd5423-b42a-4921-b21d-08baa6fe1fee%E1%84%89%E1%85%B3%E1%84%8F%E1%85%B3%E1%84%85%E1%85%B5%E1%86%AB%E1%84%89%E1%85%A3%E1%86%BA%202024-05-19%20%E1%84%8B%E1%85%A9%E1%84%92%E1%85%AE%2011.57.01.png" alt="EOS 차트">
        <h3>분석 내용</h3>
        <ul>
          <li><strong>기술적 특성:</strong> 이오스의 기술적 특성과 장점.</li>
          <li><strong>성장 잠재력:</strong> 향후 성장 가능성과 시장 전망.</li>
        </ul>',
        'KRW-EOS',
        'https://fonco-image.s3.ap-northeast-2.amazonaws.com/acfd5423-b42a-4921-b21d-08baa6fe1fee%E1%84%89%E1%85%B3%E1%84%8F%E1%85%B3%E1%84%85%E1%85%B5%E1%86%AB%E1%84%89%E1%85%A3%E1%86%BA%202024-05-19%20%E1%84%8B%E1%85%A9%E1%84%92%E1%85%AE%2011.57.01.png',
        '이오스 투자에 대한 간단한 요약입니다.', NOW(), NOW()),

       (5, '네오의 역할',
        '<h2>네오의 역할과 기술적 특성을 분석합니다</h2>
        <p>네오는 스마트 경제를 목표로 하는 블록체인 플랫폼입니다.</p>
        <img src="https://fonco-image.s3.ap-northeast-2.amazonaws.com/971f499d-44e2-4dc0-a18c-9e57685b4feb%E1%84%89%E1%85%B3%E1%84%8F%E1%85%B3%E1%84%85%E1%85%B5%E1%86%AB%E1%84%89%E1%85%A3%E1%86%BA%202024-05-19%20%E1%84%8B%E1%85%A9%E1%84%92%E1%85%AE%2011.57.08.png" alt="NEO 차트">
        <h3>주요 내용</h3>
        <ul>
          <li><strong>기술적 분석:</strong> 네오의 기술적 특성과 역할.</li>
          <li><strong>시장 중요성:</strong> 향후 발전 가능성과 시장 전망.</li>
        </ul>',
        'KRW-NEO',
        'https://fonco-image.s3.ap-northeast-2.amazonaws.com/971f499d-44e2-4dc0-a18c-9e57685b4feb%E1%84%89%E1%85%B3%E1%84%8F%E1%85%B3%E1%84%85%E1%85%B5%E1%86%AB%E1%84%89%E1%85%A3%E1%86%BA%202024-05-19%20%E1%84%8B%E1%85%A9%E1%84%92%E1%85%AE%2011.57.08.png',
        '네오 투자에 대한 간단한 요약입니다.', NOW(), NOW()),

       (1, '비트코인의 미래 전망',
        '<h2>비트코인의 기술적 분석과 미래 전망을 논의합니다</h2>
        <p>비트코인은 가장 인기 있는 암호화폐로, 미래에 대한 다양한 전망이 존재합니다.</p>
        <img src="https://fonco-image.s3.ap-northeast-2.amazonaws.com/f0d542dd-cf0a-4051-adbe-d9912e574aa8%E1%84%89%E1%85%B3%E1%84%8F%E1%85%B3%E1%84%85%E1%85%B5%E1%86%AB%E1%84%89%E1%85%A3%E1%86%BA%202024-05-19%20%E1%84%8B%E1%85%A9%E1%84%92%E1%85%AE%2011.48.44.png" alt="BTC 차트">
        <h3>주요 내용</h3>
        <ul>
          <li><strong>기술적 분석:</strong> 비트코인의 기술적 특성과 현재 상황.</li>
          <li><strong>미래 전망:</strong> 향후 시장 반응과 성장 가능성.</li>
        </ul>',
        'KRW-BTC',
        'https://fonco-image.s3.ap-northeast-2.amazonaws.com/f0d542dd-cf0a-4051-adbe-d9912e574aa8%E1%84%89%E1%85%B3%E1%84%8F%E1%85%B3%E1%84%85%E1%85%B5%E1%86%AB%E1%84%89%E1%85%A3%E1%86%BA%202024-05-19%20%E1%84%8B%E1%85%A9%E1%84%92%E1%85%AE%2011.48.44.png',
        '비트코인 투자에 대한 간단한 요약입니다.', NOW(), NOW()),

       (2, '이더리움의 스마트 계약 기능',
        '<h2>이더리움의 스마트 계약 기능과 DeFi에서의 역할을 분석합니다</h2>
        <p>이더리움은 스마트 계약을 통해 다양한 탈중앙화 애플리케이션을 지원합니다.</p>
        <img src="https://fonco-image.s3.ap-northeast-2.amazonaws.com/4f6978d9-4fc1-4923-98a5-403aa34851b7%E1%84%89%E1%85%B3%E1%84%8F%E1%85%B3%E1%84%85%E1%85%B5%E1%86%AB%E1%84%89%E1%85%A3%E1%86%BA%202024-05-19%20%E1%84%8B%E1%85%A9%E1%84%92%E1%85%AE%2011.48.54.png" alt="ETH 차트">
        <h3>분석 내용</h3>
        <ul>
          <li><strong>기술적 특성:</strong> 이더리움의 스마트 계약 기능과 장점.</li>
          <li><strong>시장 전망:</strong> DeFi에서의 역할과 성장 가능성.</li>
        </ul>',
        'KRW-ETH',
        'https://fonco-image.s3.ap-northeast-2.amazonaws.com/4f6978d9-4fc1-4923-98a5-403aa34851b7%E1%84%89%E1%85%B3%E1%84%8F%E1%85%B3%E1%84%85%E1%85%B5%E1%86%AB%E1%84%89%E1%85%A3%E1%86%BA%202024-05-19%20%E1%84%8B%E1%85%A9%E1%84%92%E1%85%AE%2011.48.54.png',
        '이더리움 투자에 대한 간단한 요약입니다.', NOW(), NOW()),

       (3, '리플의 송금 서비스 분석',
        '<h2>리플의 송금 서비스와 법적 문제를 논의합니다</h2>
        <p>리플은 빠른 송금 서비스를 제공하지만, 법적 문제로 인해 다양한 도전에 직면해 있습니다.</p>
        <img src="https://fonco-image.s3.ap-northeast-2.amazonaws.com/777ab5d0-b0fb-48c6-8dba-605bb0f3950d%E1%84%89%E1%85%B3%E1%84%8F%E1%85%B3%E1%84%85%E1%85%B5%E1%86%AB%E1%84%89%E1%85%A3%E1%86%BA%202024-05-19%20%E1%84%8B%E1%85%A9%E1%84%92%E1%85%AE%2011.49.04.png" alt="XRP 차트">
        <h3>주요 내용</h3>
        <ul>
          <li><strong>송금 서비스:</strong> 리플의 주요 서비스와 장점.</li>
          <li><strong>법적 문제:</strong> 현재 진행 중인 법적 문제와 그 영향.</li>
        </ul>',
        'KRW-XRP',
        'https://fonco-image.s3.ap-northeast-2.amazonaws.com/777ab5d0-b0fb-48c6-8dba-605bb0f3950d%E1%84%89%E1%85%B3%E1%84%8F%E1%85%B3%E1%84%85%E1%85%B5%E1%86%AB%E1%84%89%E1%85%A3%E1%86%BA%202024-05-19%20%E1%84%8B%E1%85%A9%E1%84%92%E1%85%AE%2011.49.04.png',
        '리플 투자에 대한 간단한 요약입니다.', NOW(), NOW()),

       (5, '도지코인의 인기 요인 분석',
        '<h2>도지코인의 인기 요인과 투자 리스크를 논의합니다</h2>
        <p>도지코인은 밈 코인으로 시작했지만, 현재는 많은 투자자들에게 주목받고 있습니다.</p>
        <img src="https://fonco-image.s3.ap-northeast-2.amazonaws.com/c34de5c3-64ab-4c2a-8cad-ee022b0567e3%E1%84%89%E1%85%B3%E1%84%8F%E1%85%B3%E1%84%85%E1%85%B5%E1%86%AB%E1%84%89%E1%85%A3%E1%86%BA%202024-05-19%20%E1%84%8B%E1%85%A9%E1%84%92%E1%85%AE%2011.56.14.png" alt="DOGE 차트">
        <h3>주요 내용</h3>
        <ul>
          <li><strong>인기 요인:</strong> 도지코인의 인기 요인과 장점.</li>
          <li><strong>투자 리스크:</strong> 주요 투자 리스크와 회복 가능성.</li>
        </ul>',
        'KRW-DOGE',
        'https://fonco-image.s3.ap-northeast-2.amazonaws.com/c34de5c3-64ab-4c2a-8cad-ee022b0567e3%E1%84%89%E1%85%B3%E1%84%8F%E1%85%B3%E1%84%85%E1%85%B5%E1%86%AB%E1%84%89%E1%85%A3%E1%86%BA%202024-05-19%20%E1%84%8B%E1%85%A9%E1%84%92%E1%85%AE%2011.56.14.png',
        '도지코인 투자에 대한 간단한 요약입니다.', NOW(), NOW()),

       (6, '폴카닷의 블록체인 상호운용성',
        '<h2>폴카닷의 블록체인 상호운용성에 대해 논의합니다</h2>
        <p>폴카닷은 블록체인 간 상호운용성을 제공하는 혁신적인 프로젝트입니다.</p>
        <img src="https://fonco-image.s3.ap-northeast-2.amazonaws.com/01265e23-22eb-4068-bf11-95e835f095b2%E1%84%89%E1%85%B3%E1%84%8F%E1%85%B3%E1%84%85%E1%85%B5%E1%86%AB%E1%84%89%E1%85%A3%E1%86%BA%202024-05-19%20%E1%84%8B%E1%85%A9%E1%84%92%E1%85%AE%2011.56.26.png" alt="DOT 차트">
        <h3>분석 내용</h3>
        <ul>
          <li><strong>기술적 특성:</strong> 폴카닷의 주요 기술적 특성과 장점.</li>
          <li><strong>시장 전망:</strong> 향후 발전 가능성과 투자 기회.</li>
        </ul>',
        'KRW-DOT',
        'https://fonco-image.s3.ap-northeast-2.amazonaws.com/01265e23-22eb-4068-bf11-95e835f095b2%E1%84%89%E1%85%B3%E1%84%8F%E1%85%B3%E1%84%85%E1%85%B5%E1%86%AB%E1%84%89%E1%85%A3%E1%86%BA%202024-05-19%20%E1%84%8B%E1%85%A9%E1%84%92%E1%85%AE%2011.56.26.png',
        '폴카닷 투자에 대한 간단한 요약입니다.', NOW(), NOW()),

       (7, '체인링크의 오라클 서비스',
        '<h2>체인링크의 오라클 서비스와 DeFi에서의 역할을 분석합니다</h2>
        <p>체인링크는 스마트 계약을 위한 오라클 서비스를 제공합니다.</p>
        <img src="https://fonco-image.s3.ap-northeast-2.amazonaws.com/82cdb7fa-48f1-4afd-943d-54739da87b5b%E1%84%89%E1%85%B3%E1%84%8F%E1%85%B3%E1%84%85%E1%85%B5%E1%86%AB%E1%84%89%E1%85%A3%E1%86%BA%202024-05-19%20%E1%84%8B%E1%85%A9%E1%84%92%E1%85%AE%2011.56.36.png" alt="LINK 차트">
        <h3>주요 내용</h3>
        <ul>
          <li><strong>기술적 분석:</strong> 체인링크의 기술적 특성과 역할.</li>
          <li><strong>시장 중요성:</strong> DeFi 생태계에서의 체인링크의 중요성.</li>
        </ul>',
        'KRW-LINK',
        'https://fonco-image.s3.ap-northeast-2.amazonaws.com/82cdb7fa-48f1-4afd-943d-54739da87b5b%E1%84%89%E1%85%B3%E1%84%8F%E1%85%B3%E1%84%85%E1%85%B5%E1%86%AB%E1%84%89%E1%85%A3%E1%86%BA%202024-05-19%20%E1%84%8B%E1%85%A9%E1%84%92%E1%85%AE%2011.56.36.png',
        '체인링크 투자에 대한 간단한 요약입니다.', NOW(), NOW()),

       (1, '비트코인 캐시의 장점 분석',
        '<h2>비트코인 캐시의 주요 장점과 기술적 특성을 논의합니다</h2>
        <p>비트코인 캐시는 빠른 거래 속도를 제공하는 비트코인의 하드포크입니다.</p>
        <img src="https://fonco-image.s3.ap-northeast-2.amazonaws.com/f0d542dd-cf0a-4051-adbe-d9912e574aa8%E1%84%89%E1%85%B3%E1%84%8F%E1%85%B3%E1%84%85%E1%85%B5%E1%86%AB%E1%84%89%E1%85%A3%E1%86%BA%202024-05-19%20%E1%84%8B%E1%85%A9%E1%84%92%E1%85%AE%2011.48.44.png" alt="BCH 차트">
        <h3>주요 내용</h3>
        <ul>
          <li><strong>기술적 특성:</strong> 비트코인 캐시의 주요 기술적 특성과 장점.</li>
          <li><strong>미래 전망:</strong> 향후 발전 가능성과 시장 반응.</li>
        </ul>',
        'KRW-BTC',
        'https://fonco-image.s3.ap-northeast-2.amazonaws.com/f0d542dd-cf0a-4051-adbe-d9912e574aa8%E1%84%89%E1%85%B3%E1%84%8F%E1%85%B3%E1%84%85%E1%85%B5%E1%86%AB%E1%84%89%E1%85%A3%E1%86%BA%202024-05-19%20%E1%84%8B%E1%85%A9%E1%84%92%E1%85%AE%2011.48.44.png',
        '비트코인 캐시 투자에 대한 간단한 요약입니다.', NOW(), NOW()),

       (2, '스텔라루멘의 저비용 송금',
        '<h2>스텔라루멘의 저비용 국제 송금 서비스와 기술적 특성을 분석합니다</h2>
        <p>스텔라루멘은 저비용 국제 송금을 목표로 합니다.</p>
        <img src="https://fonco-image.s3.ap-northeast-2.amazonaws.com/a6397a8d-15a1-4826-b8dd-7a637c9e61d8%E1%84%89%E1%85%B3%E1%84%8F%E1%85%B3%E1%84%85%E1%85%B5%E1%86%AB%E1%84%89%E1%85%A3%E1%86%BA%202024-05-19%20%E1%84%8B%E1%85%A9%E1%84%92%E1%85%AE%2011.56.44.png" alt="XLM 차트">
        <h3>분석 내용</h3>
        <ul>
          <li><strong>기술적 특성:</strong> 스텔라루멘의 주요 기술적 특성과 장점.</li>
          <li><strong>시장 전망:</strong> 향후 시장 전망과 투자 전략.</li>
        </ul>',
        'KRW-XLM',
        'https://fonco-image.s3.ap-northeast-2.amazonaws.com/a6397a8d-15a1-4826-b8dd-7a637c9e61d8%E1%84%89%E1%85%B3%E1%84%8F%E1%85%B3%E1%84%85%E1%85%B5%E1%86%AB%E1%84%89%E1%85%A3%E1%86%BA%202024-05-19%20%E1%84%8B%E1%85%A9%E1%84%92%E1%85%AE%2011.56.44.png',
        '스텔라루멘 투자에 대한 간단한 요약입니다.', NOW(), NOW()),

       (3, '트론의 콘텐츠 공유 플랫폼',
        '<h2>트론의 콘텐츠 공유 플랫폼과 기술적 특성을 논의합니다</h2>
        <p>트론은 콘텐츠 공유 플랫폼을 목표로 하는 프로젝트입니다.</p>
        <img src="https://fonco-image.s3.ap-northeast-2.amazonaws.com/90ea2839-b634-4c96-b4a6-b34b078b36f5%E1%84%89%E1%85%B3%E1%84%8F%E1%85%B3%E1%84%85%E1%85%B5%E1%86%AB%E1%84%89%E1%85%A3%E1%86%BA%202024-05-19%20%E1%84%8B%E1%85%A9%E1%84%92%E1%85%AE%2011.56.52.png" alt="TRX 차트">
        <h3>주요 내용</h3>
        <ul>
          <li><strong>기술적 분석:</strong> 트론의 기술적 특성과 장점.</li>
          <li><strong>미래 전망:</strong> 향후 발전 가능성과 투자 기회.</li>
        </ul>',
        'KRW-TRX',
        'https://fonco-image.s3.ap-northeast-2.amazonaws.com/90ea2839-b634-4c96-b4a6-b34b078b36f5%E1%84%89%E1%85%B3%E1%84%8F%E1%85%B3%E1%84%85%E1%85%B5%E1%86%AB%E1%84%89%E1%85%A3%E1%86%BA%202024-05-19%20%E1%84%8B%E1%85%A9%E1%84%92%E1%85%AE%2011.56.52.png',
        '트론 투자에 대한 간단한 요약입니다.', NOW(), NOW()),

       (4, '이오스의 확장성 분석',
        '<h2>이오스의 확장성과 성능을 중시하는 블록체인 플랫폼을 분석합니다</h2>
        <p>이오스는 확장성과 성능을 중시하는 블록체인 플랫폼입니다.</p>
        <img src="https://fonco-image.s3.ap-northeast-2.amazonaws.com/acfd5423-b42a-4921-b21d-08baa6fe1fee%E1%84%89%E1%85%B3%E1%84%8F%E1%85%B3%E1%84%85%E1%85%B5%E1%86%AB%E1%84%89%E1%85%A3%E1%86%BA%202024-05-19%20%E1%84%8B%E1%85%A9%E1%84%92%E1%85%AE%2011.57.01.png" alt="EOS 차트">
        <h3>분석 내용</h3>
        <ul>
          <li><strong>기술적 특성:</strong> 이오스의 기술적 특성과 장점.</li>
          <li><strong>성장 잠재력:</strong> 향후 성장 가능성과 시장 전망.</li>
        </ul>',
        'KRW-EOS',
        'https://fonco-image.s3.ap-northeast-2.amazonaws.com/acfd5423-b42a-4921-b21d-08baa6fe1fee%E1%84%89%E1%85%B3%E1%84%8F%E1%85%B3%E1%84%85%E1%85%B5%E1%86%AB%E1%84%89%E1%85%A3%E1%86%BA%202024-05-19%20%E1%84%8B%E1%85%A9%E1%84%92%E1%85%AE%2011.57.01.png',
        '이오스 투자에 대한 간단한 요약입니다.', NOW(), NOW()),

       (5, '네오의 스마트 경제',
        '<h2>네오의 스마트 경제 목표와 기술적 특성을 논의합니다</h2>
        <p>네오는 스마트 경제를 목표로 하는 블록체인 플랫폼입니다.</p>
        <img src="https://fonco-image.s3.ap-northeast-2.amazonaws.com/971f499d-44e2-4dc0-a18c-9e57685b4feb%E1%84%89%E1%85%B3%E1%84%8F%E1%85%B3%E1%84%85%E1%85%B5%E1%86%AB%E1%84%89%E1%85%A3%E1%86%BA%202024-05-19%20%E1%84%8B%E1%85%A9%E1%84%92%E1%85%AE%2011.57.08.png" alt="NEO 차트">
        <h3>주요 내용</h3>
        <ul>
          <li><strong>기술적 분석:</strong> 네오의 기술적 특성과 역할.</li>
          <li><strong>시장 중요성:</strong> 향후 발전 가능성과 시장 전망.</li>
        </ul>',
        'KRW-NEO',
        'https://fonco-image.s3.ap-northeast-2.amazonaws.com/971f499d-44e2-4dc0-a18c-9e57685b4feb%E1%84%89%E1%85%B3%E1%84%8F%E1%85%B3%E1%84%85%E1%85%B5%E1%86%AB%E1%84%89%E1%85%A3%E1%86%BA%202024-05-19%20%E1%84%8B%E1%85%A9%E1%84%92%E1%85%AE%2011.57.08.png',
        '네오 투자에 대한 간단한 요약입니다.', NOW(), NOW());

-- note_comment 테이블에 더미 데이터를 삽입합니다.
INSERT INTO funco.note_comment (id, created_at, updated_at, content, deleted, member_id, parent_id, note_id)
VALUES (40, '2024-05-20 00:21:58', '2024-05-20 00:21:58', '오 좋은 정보 감사합니다!', false, 4, null, 47);
INSERT INTO funco.note_comment (id, created_at, updated_at, content, deleted, member_id, parent_id, note_id)
VALUES (41, '2024-05-20 02:15:17', '2024-05-20 02:15:17', '댓글을 작성', false, 3, null, 48);
INSERT INTO funco.note_comment (id, created_at, updated_at, content, deleted, member_id, parent_id, note_id)
VALUES (42, '2024-05-20 02:15:31', '2024-05-20 02:15:31', '대댓글을 작성', false, 3, 41, 48);

-- note_like 테이블에 더미 데이터를 삽입합니다.
INSERT INTO funco.note_like (id, created_at, updated_at, member_id, note_id)
VALUES (19, '2024-05-20 00:20:57', '2024-05-20 00:20:57', 4, 36);
INSERT INTO funco.note_like (id, created_at, updated_at, member_id, note_id)
VALUES (20, '2024-05-20 00:21:07', '2024-05-20 00:21:07', 4, 47);
INSERT INTO funco.note_like (id, created_at, updated_at, member_id, note_id)
VALUES (21, '2024-05-20 00:21:12', '2024-05-20 00:21:12', 4, 43);
INSERT INTO funco.note_like (id, created_at, updated_at, member_id, note_id)
VALUES (22, '2024-05-20 00:21:17', '2024-05-20 00:21:17', 4, 40);
INSERT INTO funco.note_like (id, created_at, updated_at, member_id, note_id)
VALUES (23, '2024-05-20 00:21:21', '2024-05-20 00:21:21', 4, 44);
INSERT INTO funco.note_like (id, created_at, updated_at, member_id, note_id)
VALUES (24, '2024-05-20 01:50:07', '2024-05-20 01:50:07', 3, 46);
INSERT INTO funco.note_like (id, created_at, updated_at, member_id, note_id)
VALUES (25, '2024-05-20 01:50:08', '2024-05-20 01:50:08', 3, 43);
INSERT INTO funco.note_like (id, created_at, updated_at, member_id, note_id)
VALUES (26, '2024-05-20 01:50:09', '2024-05-20 01:50:09', 3, 42);
INSERT INTO funco.note_like (id, created_at, updated_at, member_id, note_id)
VALUES (28, '2024-05-20 02:15:11', '2024-05-20 02:15:11', 3, 48);

-- Daily Statistics 생성 SQL

-- 시작 날짜
SET @startDate := '2024-01-01';
-- INSERT 할 Member ID
SET @memberId := 3;
-- INSERT 할 Record 개수
SET @numRecords := 139;
-- 초기 자산
SET @beginningAsset := 10000000;
-- 초기 누적수익률
SET @accReturnResult := 0;

DROP TEMPORARY TABLE IF EXISTS temp_daily_statistics;
CREATE TEMPORARY TABLE temp_daily_statistics
(
    date              DATE,
    beginning_asset   BIGINT,
    return_result     BIGINT,
    return_rate       DOUBLE,
    acc_return_rate   DOUBLE,
    acc_return_result BIGINT,
    ending_asset      BIGINT
);

WHILE @numRecords > 0
    DO
        SET @returnResult := FLOOR(RAND() * 20000001) - 10000000;
        SET @endingAsset := @beginningAsset + @returnResult; -- 기말자산 계산
        SET @returnRate := ROUND((@returnResult / @beginningAsset) * 100, 2);
        SET @accReturnResult := @accReturnResult + @returnResult;
        SET @accReturnRate := ROUND((@accReturnResult / 10000000) * 100, 2);

        INSERT INTO temp_daily_statistics (date, beginning_asset, return_result, return_rate, acc_return_rate,
                                           acc_return_result, ending_asset)
        VALUES (@startDate, @beginningAsset, @returnResult, @returnRate, @accReturnRate, @accReturnResult,
                @endingAsset);

        SET @beginningAsset := @endingAsset;
        SET @startDate := DATE_ADD(@startDate, INTERVAL 1 DAY);
        SET @numRecords := @numRecords - 1;
    END WHILE;

INSERT INTO funco.daily_statistics (date, beginning_asset, return_result, return_rate, ending_asset, member_id,
                                    acc_return_rate, acc_return_result)
SELECT date,
       beginning_asset,
       return_result,
       return_rate,
       ending_asset,
       @memberId,
       acc_return_rate,
       acc_return_result
FROM temp_daily_statistics;

DROP TEMPORARY TABLE IF EXISTS temp_daily_statistics;

-- Daily Statistics 생성 SQL

-- Monthly Statistics 생성 SQL

INSERT INTO funco.monthly_statistics (acc_return_rate, date, return_rate, acc_return_result, beginning_asset,
                                      ending_asset, member_id, return_result)
VALUES (0.05, '2024-01-01', -10.12, -615000, 10000000, 6001000, 3, 116000),
       (0.10, '2024-02-01', 52.03, 166622, 14400000, 10002003, 3, 153270),
       (0.15, '2024-03-01', 16.01, -55214, 10020000, 53055151, 3, 52514),
       (0.15, '2024-04-01', 16.01, 45214, 10420000, 53055151, 3, 52514);

-- Monthly Statistics 생성 SQL

-- asset_history 테이블에 더미 데이터를 삽입합니다.
INSERT INTO funco.asset_history (id, created_at, updated_at, asset_type, beginning_cash, commission, ending_cash,
                                 follow_date, follow_name, follow_return_rate, investment, member_id, order_cash,
                                 portfolio_name, price, settlement, ticker, volume, asset_trade_type)
VALUES (50, '2024-05-20 04:47:31', '2024-05-20 04:47:31', 'COIN', 3776402, null, 4330649, null, null, null, null, 1,
        554247, null, 92271000, null, 'KRW-BTC', 0.0060067387, 'SELL');
INSERT INTO funco.asset_history (id, created_at, updated_at, asset_type, beginning_cash, commission, ending_cash,
                                 follow_date, follow_name, follow_return_rate, investment, member_id, order_cash,
                                 portfolio_name, price, settlement, ticker, volume, asset_trade_type)
VALUES (51, '2024-05-20 04:48:03', '2024-05-20 04:48:03', 'COIN', 4867802, null, 4381022, null, null, null, null, 6,
        -486780, null, 92042000, null, 'KRW-BTC', 0.0052886725, 'BUY');
INSERT INTO funco.asset_history (id, created_at, updated_at, asset_type, beginning_cash, commission, ending_cash,
                                 follow_date, follow_name, follow_return_rate, investment, member_id, order_cash,
                                 portfolio_name, price, settlement, ticker, volume, asset_trade_type)
VALUES (52, '2024-05-20 04:48:08', '2024-05-20 04:48:08', 'COIN', 4369167, null, 4606283, null, null, null, null, 6,
        237116, null, 92042000, null, 'KRW-BTC', 0.002576179, 'SELL');
INSERT INTO funco.asset_history (id, created_at, updated_at, asset_type, beginning_cash, commission, ending_cash,
                                 follow_date, follow_name, follow_return_rate, investment, member_id, order_cash,
                                 portfolio_name, price, settlement, ticker, volume, asset_trade_type)
VALUES (53, '2024-05-20 04:48:35', '2024-05-20 04:48:35', 'FUTURES', 4583252, null, 4583252, null, null, null, null, 6,
        0, null, 92045000, null, 'KRW-BTC', null, 'LONG');
INSERT INTO funco.asset_history (id, created_at, updated_at, asset_type, beginning_cash, commission, ending_cash,
                                 follow_date, follow_name, follow_return_rate, investment, member_id, order_cash,
                                 portfolio_name, price, settlement, ticker, volume, asset_trade_type)
VALUES (54, '2024-05-20 04:48:43', '2024-05-20 04:48:43', 'FUTURES', 4560336, null, 4560336, null, null, null, null, 6,
        0, null, 2552, null, 'KRW-LSK', null, 'SHORT');
INSERT INTO funco.asset_history (id, created_at, updated_at, asset_type, beginning_cash, commission, ending_cash,
                                 follow_date, follow_name, follow_return_rate, investment, member_id, order_cash,
                                 portfolio_name, price, settlement, ticker, volume, asset_trade_type)
VALUES (55, '2024-05-20 04:55:48', '2024-05-20 04:55:48', 'FOLLOW', 4550336, 0, 4560335, '2024-05-20 04:55:41.000000',
        null, -0.01, 10000, 6, 9999, null, null, 9999, null, null, 'FOLLOWING');
INSERT INTO funco.asset_history (id, created_at, updated_at, asset_type, beginning_cash, commission, ending_cash,
                                 follow_date, follow_name, follow_return_rate, investment, member_id, order_cash,
                                 portfolio_name, price, settlement, ticker, volume, asset_trade_type)
VALUES (56, '2024-05-20 05:03:41', '2024-05-20 05:03:41', 'FUTURES', 4208274, null, 4490462, null, null, null, null, 1,
        282188, null, 92080000, null, 'KRW-BTC', null, 'LONG');
INSERT INTO funco.asset_history (id, created_at, updated_at, asset_type, beginning_cash, commission, ending_cash,
                                 follow_date, follow_name, follow_return_rate, investment, member_id, order_cash,
                                 portfolio_name, price, settlement, ticker, volume, asset_trade_type)
VALUES (57, '2024-05-20 05:06:31', '2024-05-20 05:06:31', 'FOLLOW', 9595000, 0, 9600000, '2024-05-20 05:06:25.000000',
        null, 0, 5000, 9, 5000, null, null, 5000, null, null, 'FOLLOWING');
INSERT INTO funco.asset_history (id, created_at, updated_at, asset_type, beginning_cash, commission, ending_cash,
                                 follow_date, follow_name, follow_return_rate, investment, member_id, order_cash,
                                 portfolio_name, price, settlement, ticker, volume, asset_trade_type)
VALUES (58, '2024-05-20 05:21:39', '2024-05-20 05:21:39', 'PORTFOLIO', 9600000, null, 8600000, null, null, null, null,
        9, -1000000, '이선주', 1000000, null, null, null, 'PURCHASE_PORTFOLIO');
INSERT INTO funco.asset_history (id, created_at, updated_at, asset_type, beginning_cash, commission, ending_cash,
                                 follow_date, follow_name, follow_return_rate, investment, member_id, order_cash,
                                 portfolio_name, price, settlement, ticker, volume, asset_trade_type)
VALUES (59, '2024-05-20 05:21:39', '2024-05-20 05:21:39', 'PORTFOLIO', 9935000, null, 10935000, null, null, null, null,
        4, 1000000, '이선주', 1000000, null, null, null, 'SELL_PORTFOLIO');
INSERT INTO funco.asset_history (id, created_at, updated_at, asset_type, beginning_cash, commission, ending_cash,
                                 follow_date, follow_name, follow_return_rate, investment, member_id, order_cash,
                                 portfolio_name, price, settlement, ticker, volume, asset_trade_type)
VALUES (60, '2024-05-20 05:21:48', '2024-05-20 05:21:48', 'PORTFOLIO', 8600000, null, 8595000, null, null, null, null,
        9, -5000, '소현쓰', 5000, null, null, null, 'PURCHASE_PORTFOLIO');
INSERT INTO funco.asset_history (id, created_at, updated_at, asset_type, beginning_cash, commission, ending_cash,
                                 follow_date, follow_name, follow_return_rate, investment, member_id, order_cash,
                                 portfolio_name, price, settlement, ticker, volume, asset_trade_type)
VALUES (61, '2024-05-20 05:21:48', '2024-05-20 05:21:48', 'PORTFOLIO', 4560335, null, 4565335, null, null, null, null,
        6, 5000, '소현쓰', 5000, null, null, null, 'SELL_PORTFOLIO');
INSERT INTO funco.asset_history (id, created_at, updated_at, asset_type, beginning_cash, commission, ending_cash,
                                 follow_date, follow_name, follow_return_rate, investment, member_id, order_cash,
                                 portfolio_name, price, settlement, ticker, volume, asset_trade_type)
VALUES (62, '2024-05-20 05:24:56', '2024-05-20 05:24:56', 'PORTFOLIO', 4565335, null, 4560335, null, null, null, null,
        6, -5000, '엄소현', 5000, null, null, null, 'PURCHASE_PORTFOLIO');
INSERT INTO funco.asset_history (id, created_at, updated_at, asset_type, beginning_cash, commission, ending_cash,
                                 follow_date, follow_name, follow_return_rate, investment, member_id, order_cash,
                                 portfolio_name, price, settlement, ticker, volume, asset_trade_type)
VALUES (63, '2024-05-20 05:24:56', '2024-05-20 05:24:56', 'PORTFOLIO', 8495000, null, 8500000, null, null, null, null,
        9, 5000, '엄소현', 5000, null, null, null, 'SELL_PORTFOLIO');
INSERT INTO funco.asset_history (id, created_at, updated_at, asset_type, beginning_cash, commission, ending_cash,
                                 follow_date, follow_name, follow_return_rate, investment, member_id, order_cash,
                                 portfolio_name, price, settlement, ticker, volume, asset_trade_type)
VALUES (64, '2024-05-20 05:25:04', '2024-05-20 05:25:04', 'COIN', 4490462, null, 4041416, null, null, null, null, 1,
        -449046, null, 92320000, null, 'KRW-BTC', 0.0048640164, 'BUY');
INSERT INTO funco.asset_history (id, created_at, updated_at, asset_type, beginning_cash, commission, ending_cash,
                                 follow_date, follow_name, follow_return_rate, investment, member_id, order_cash,
                                 portfolio_name, price, settlement, ticker, volume, asset_trade_type)
VALUES (65, '2024-05-20 05:36:05', '2024-05-20 05:36:05', 'COIN', 4018964, null, 4468009, null, null, null, null, 1,
        449045, null, 92320000, null, 'KRW-BTC', 0.0048640164, 'SELL');
INSERT INTO funco.asset_history (id, created_at, updated_at, asset_type, beginning_cash, commission, ending_cash,
                                 follow_date, follow_name, follow_return_rate, investment, member_id, order_cash,
                                 portfolio_name, price, settlement, ticker, volume, asset_trade_type)
VALUES (66, '2024-05-20 05:41:18', '2024-05-20 05:41:18', 'COIN', 4468009, null, 4021208, null, null, null, null, 1,
        -446801, null, 92226000, null, 'KRW-BTC', 0.0048446316, 'BUY');
INSERT INTO funco.asset_history (id, created_at, updated_at, asset_type, beginning_cash, commission, ending_cash,
                                 follow_date, follow_name, follow_return_rate, investment, member_id, order_cash,
                                 portfolio_name, price, settlement, ticker, volume, asset_trade_type)
VALUES (67, '2024-05-20 05:46:20', '2024-05-20 05:46:20', 'COIN', 3998869, null, 4445650, null, null, null, null, 1,
        446781, null, 92222000, null, 'KRW-BTC', 0.0048446316, 'SELL');
INSERT INTO funco.asset_history (id, created_at, updated_at, asset_type, beginning_cash, commission, ending_cash,
                                 follow_date, follow_name, follow_return_rate, investment, member_id, order_cash,
                                 portfolio_name, price, settlement, ticker, volume, asset_trade_type)
VALUES (68, '2024-05-20 07:03:01', '2024-05-20 07:03:01', 'COIN', 4018964, null, 4468009, null, null, null, null, 1,
        449045, null, 92320000, null, 'KRW-BTC', 0.0048640164, 'SELL');
INSERT INTO funco.asset_history (id, created_at, updated_at, asset_type, beginning_cash, commission, ending_cash,
                                 follow_date, follow_name, follow_return_rate, investment, member_id, order_cash,
                                 portfolio_name, price, settlement, ticker, volume, asset_trade_type)
VALUES (69, '2024-05-20 07:03:01', '2024-05-20 07:03:01', 'COIN', 4468009, null, 4021208, null, null, null, null, 1,
        -446801, null, 92226000, null, 'KRW-BTC', 0.0048446316, 'BUY');
INSERT INTO funco.asset_history (id, created_at, updated_at, asset_type, beginning_cash, commission, ending_cash,
                                 follow_date, follow_name, follow_return_rate, investment, member_id, order_cash,
                                 portfolio_name, price, settlement, ticker, volume, asset_trade_type)
VALUES (70, '2024-05-20 07:03:01', '2024-05-20 07:03:01', 'COIN', 3998869, null, 4445650, null, null, null, null, 1,
        446781, null, 92222000, null, 'KRW-BTC', 0.0048446316, 'SELL');
INSERT INTO funco.asset_history (id, created_at, updated_at, asset_type, beginning_cash, commission, ending_cash,
                                 follow_date, follow_name, follow_return_rate, investment, member_id, order_cash,
                                 portfolio_name, price, settlement, ticker, volume, asset_trade_type)
VALUES (71, '2024-05-20 07:06:51', '2024-05-20 07:06:51', 'COIN', 4445650, null, 4001085, null, null, null, null, 1,
        -444565, null, 92248000, null, 'KRW-BTC', 0.0048192372, 'BUY');
INSERT INTO funco.asset_history (id, created_at, updated_at, asset_type, beginning_cash, commission, ending_cash,
                                 follow_date, follow_name, follow_return_rate, investment, member_id, order_cash,
                                 portfolio_name, price, settlement, ticker, volume, asset_trade_type)
VALUES (72, '2024-05-20 07:07:49', '2024-05-20 07:07:49', 'COIN', 4001085, null, 3600976, null, null, null, null, 1,
        -400109, null, 4967, null, 'KRW-QTUM', 80.5534527884, 'BUY');
INSERT INTO funco.asset_history (id, created_at, updated_at, asset_type, beginning_cash, commission, ending_cash,
                                 follow_date, follow_name, follow_return_rate, investment, member_id, order_cash,
                                 portfolio_name, price, settlement, ticker, volume, asset_trade_type)
VALUES (73, '2024-05-20 08:14:46', '2024-05-20 08:14:46', 'PORTFOLIO', 7790000, null, 7290000, null, null, null, null,
        5, -500000, '황주영', 500000, null, null, null, 'PURCHASE_PORTFOLIO');
INSERT INTO funco.asset_history (id, created_at, updated_at, asset_type, beginning_cash, commission, ending_cash,
                                 follow_date, follow_name, follow_return_rate, investment, member_id, order_cash,
                                 portfolio_name, price, settlement, ticker, volume, asset_trade_type)
VALUES (74, '2024-05-20 08:14:46', '2024-05-20 08:14:46', 'PORTFOLIO', 5500000, null, 6000000, null, null, null, null,
        3, 500000, '황주영', 500000, null, null, null, 'SELL_PORTFOLIO');
INSERT INTO funco.asset_history (id, created_at, updated_at, asset_type, beginning_cash, commission, ending_cash,
                                 follow_date, follow_name, follow_return_rate, investment, member_id, order_cash,
                                 portfolio_name, price, settlement, ticker, volume, asset_trade_type)
VALUES (75, '2024-05-20 08:15:08', '2024-05-20 08:15:08', 'COIN', 7290000, null, 6561000, null, null, null, null, 5,
        -729000, null, 0.06916, null, 'KRW-XEC', 10540775.014459224, 'BUY');
INSERT INTO funco.asset_history (id, created_at, updated_at, asset_type, beginning_cash, commission, ending_cash,
                                 follow_date, follow_name, follow_return_rate, investment, member_id, order_cash,
                                 portfolio_name, price, settlement, ticker, volume, asset_trade_type)
VALUES (76, '2024-05-20 08:15:26', '2024-05-20 08:15:26', 'COIN', 6524556, null, 7253450, null, null, null, null, 5,
        728894, null, 0.06915, null, 'KRW-XEC', 10540775.014459224, 'SELL');
INSERT INTO funco.asset_history (id, created_at, updated_at, asset_type, beginning_cash, commission, ending_cash,
                                 follow_date, follow_name, follow_return_rate, investment, member_id, order_cash,
                                 portfolio_name, price, settlement, ticker, volume, asset_trade_type)
VALUES (77, '2024-05-20 08:16:47', '2024-05-20 08:16:47', 'FUTURES', 7071918, null, 7075847, null, null, null, null, 5,
        3929, null, 92292000, null, 'KRW-BTC', null, 'SHORT');
INSERT INTO funco.asset_history (id, created_at, updated_at, asset_type, beginning_cash, commission, ending_cash,
                                 follow_date, follow_name, follow_return_rate, investment, member_id, order_cash,
                                 portfolio_name, price, settlement, ticker, volume, asset_trade_type)
VALUES (78, '2024-05-20 09:15:11', '2024-05-20 09:15:11', 'COIN', 10000000, null, 9000000, null, null, null, null, 10,
        -1000000, null, 92186000, null, 'KRW-BTC', 0.0108476341, 'BUY');
INSERT INTO funco.asset_history (id, created_at, updated_at, asset_type, beginning_cash, commission, ending_cash,
                                 follow_date, follow_name, follow_return_rate, investment, member_id, order_cash,
                                 portfolio_name, price, settlement, ticker, volume, asset_trade_type)
VALUES (79, '2024-05-20 09:20:21', '2024-05-20 09:20:21', 'FUTURES', 8455142, null, 8452311, null, null, null, null, 10,
        -2831, null, 92188000, null, 'KRW-BTC', null, 'LONG');


-- trade 테이블에 더미 데이터를 생성합니다.
INSERT INTO funco.trade (id, created_at, updated_at, member_id, order_cash, price, ticker, trade_type, volume)
VALUES (12, '2024-05-13 23:00:43', '2024-05-13 23:00:43', 1, 200000, 87760000, 'KRW-BTC', 'BUY', 0.0022789425);
INSERT INTO funco.trade (id, created_at, updated_at, member_id, order_cash, price, ticker, trade_type, volume)
VALUES (14, '2024-05-13 23:04:25', '2024-05-13 23:04:25', 1, 200000, 87763000, 'KRW-BTC', 'BUY', 0.0022788646);
INSERT INTO funco.trade (id, created_at, updated_at, member_id, order_cash, price, ticker, trade_type, volume)
VALUES (15, '2024-05-13 23:11:27', '2024-05-13 23:11:27', 1, 200000, 87778000, 'KRW-BTC', 'BUY', 0.0022784752);
INSERT INTO funco.trade (id, created_at, updated_at, member_id, order_cash, price, ticker, trade_type, volume)
VALUES (16, '2024-05-13 23:16:34', '2024-05-13 23:16:34', 1, 200000, 88075000, 'KRW-BTC', 'BUY', 0.0022707919);
INSERT INTO funco.trade (id, created_at, updated_at, member_id, order_cash, price, ticker, trade_type, volume)
VALUES (19, '2024-05-13 23:40:02', '2024-05-13 23:40:02', 1, 1000000, 87870000, 'KRW-BTC', 'BUY', 0.0113804483);
INSERT INTO funco.trade (id, created_at, updated_at, member_id, order_cash, price, ticker, trade_type, volume)
VALUES (20, '2024-05-13 23:45:59', '2024-05-13 23:45:59', 1, 1000000, 87846000, 'KRW-BTC', 'BUY', 0.0113835575);
INSERT INTO funco.trade (id, created_at, updated_at, member_id, order_cash, price, ticker, trade_type, volume)
VALUES (21, '2024-05-13 23:46:02', '2024-05-13 23:46:02', 1, 1800000, 87846000, 'KRW-BTC', 'BUY', 0.0204904036);
INSERT INTO funco.trade (id, created_at, updated_at, member_id, order_cash, price, ticker, trade_type, volume)
VALUES (22, '2024-05-14 14:29:15', '2024-05-14 14:29:15', 1, 300000, 87534000, 'KRW-BTC', 'BUY', 0.0034272397);
INSERT INTO funco.trade (id, created_at, updated_at, member_id, order_cash, price, ticker, trade_type, volume)
VALUES (23, '2024-05-14 14:30:14', '2024-05-14 14:30:14', 1, 300000, 87500000, 'KRW-BTC', 'BUY', 0.0034285714);
INSERT INTO funco.trade (id, created_at, updated_at, member_id, order_cash, price, ticker, trade_type, volume)
VALUES (24, '2024-05-14 18:25:36', '2024-05-14 18:25:36', 2, 900000, 86528000, 'KRW-BTC', 'BUY', 0.0104012573);
INSERT INTO funco.trade (id, created_at, updated_at, member_id, order_cash, price, ticker, trade_type, volume)
VALUES (25, '2024-05-16 03:20:59', '2024-05-16 03:20:59', 1, 1000000, 91010000, 'KRW-BTC', 'BUY', 0.0109878035);
INSERT INTO funco.trade (id, created_at, updated_at, member_id, order_cash, price, ticker, trade_type, volume)
VALUES (26, '2024-05-16 14:56:37', '2024-05-16 14:56:37', 2, 999000, 90944000, 'KRW-BTC', 'BUY', 0.0109847818);
INSERT INTO funco.trade (id, created_at, updated_at, member_id, order_cash, price, ticker, trade_type, volume)
VALUES (27, '2024-05-16 16:04:13', '2024-05-16 16:04:13', 1, 1000000, 91420000, 'KRW-BTC', 'BUY', 0.0109385254);
INSERT INTO funco.trade (id, created_at, updated_at, member_id, order_cash, price, ticker, trade_type, volume)
VALUES (28, '2024-05-16 16:04:33', '2024-05-16 16:04:33', 1, 991010, 91388000, 'KRW-BTC', 'BUY', 0.0108439838);
INSERT INTO funco.trade (id, created_at, updated_at, member_id, order_cash, price, ticker, trade_type, volume)
VALUES (29, '2024-05-17 20:11:23', '2024-05-17 20:11:23', 6, 1000000, 91801000, 'KRW-BTC', 'BUY', 0.0108931275);
INSERT INTO funco.trade (id, created_at, updated_at, member_id, order_cash, price, ticker, trade_type, volume)
VALUES (30, '2024-05-17 21:05:38', '2024-05-17 21:05:38', 1, 459225, 91845000, 'KRW-BTC', 'BUY', 0.005);
INSERT INTO funco.trade (id, created_at, updated_at, member_id, order_cash, price, ticker, trade_type, volume)
VALUES (31, '2024-05-18 01:55:57', '2024-05-18 01:55:57', 5, 1000000, 92672000, 'KRW-BTC', 'BUY', 0.0107907458);
INSERT INTO funco.trade (id, created_at, updated_at, member_id, order_cash, price, ticker, trade_type, volume)
VALUES (32, '2024-05-18 02:02:40', '2024-05-18 02:02:40', 1, 554520, 92420000, 'KRW-BTC', 'BUY', 0.006);
INSERT INTO funco.trade (id, created_at, updated_at, member_id, order_cash, price, ticker, trade_type, volume)
VALUES (33, '2024-05-18 02:08:28', '2024-05-18 02:08:28', 1, 907027, 92599000, 'KRW-BTC', 'SELL', 0.0097952175);
INSERT INTO funco.trade (id, created_at, updated_at, member_id, order_cash, price, ticker, trade_type, volume)
VALUES (34, '2024-05-19 01:27:11', '2024-05-19 01:27:11', 1, 557274, 92879000, 'KRW-BTC', 'BUY', 0.006);
INSERT INTO funco.trade (id, created_at, updated_at, member_id, order_cash, price, ticker, trade_type, volume)
VALUES (35, '2024-05-19 01:38:08', '2024-05-19 01:38:08', 1, 70267, 92923000, 'KRW-BTC', 'BUY', 0.0007561852);
INSERT INTO funco.trade (id, created_at, updated_at, member_id, order_cash, price, ticker, trade_type, volume)
VALUES (36, '2024-05-19 02:16:30', '2024-05-19 02:16:30', 1, 185854, 92927000, 'KRW-BTC', 'BUY', 0.002);
INSERT INTO funco.trade (id, created_at, updated_at, member_id, order_cash, price, ticker, trade_type, volume)
VALUES (37, '2024-05-19 02:53:24', '2024-05-19 02:53:24', 6, 896171, 53.88, 'KRW-XEM', 'BUY', 16632.7208611729);
INSERT INTO funco.trade (id, created_at, updated_at, member_id, order_cash, price, ticker, trade_type, volume)
VALUES (41, '2024-05-19 03:23:35', '2024-05-19 03:23:35', 1, 8955419, 92826000, 'KRW-BTC', 'SELL', 0.0964753334);
INSERT INTO funco.trade (id, created_at, updated_at, member_id, order_cash, price, ticker, trade_type, volume)
VALUES (42, '2024-05-19 03:25:13', '2024-05-19 03:25:13', 1, 3406250, 92826000, 'KRW-BTC', 'BUY', 0.0366949992);
INSERT INTO funco.trade (id, created_at, updated_at, member_id, order_cash, price, ticker, trade_type, volume)
VALUES (43, '2024-05-19 03:26:03', '2024-05-19 03:26:03', 1, 3406139, 92823000, 'KRW-BTC', 'SELL', 0.0366949992);
INSERT INTO funco.trade (id, created_at, updated_at, member_id, order_cash, price, ticker, trade_type, volume)
VALUES (44, '2024-05-19 16:17:41', '2024-05-19 16:17:41', 3, 652379, 93197000, 'KRW-BTC', 'BUY', 0.007);
INSERT INTO funco.trade (id, created_at, updated_at, member_id, order_cash, price, ticker, trade_type, volume)
VALUES (45, '2024-05-19 22:28:02', '2024-05-19 22:28:02', 1, 672601, 92405000, 'KRW-BTC', 'BUY', 0.0072788377);
INSERT INTO funco.trade (id, created_at, updated_at, member_id, order_cash, price, ticker, trade_type, volume)
VALUES (46, '2024-05-19 22:33:38', '2024-05-19 22:33:38', 6, 1383300, 92220000, 'KRW-BTC', 'BUY', 0.015);
INSERT INTO funco.trade (id, created_at, updated_at, member_id, order_cash, price, ticker, trade_type, volume)
VALUES (47, '2024-05-19 22:45:02', '2024-05-19 22:45:02', 3, 383310, 4259000, 'KRW-ETH', 'BUY', 0.09);
INSERT INTO funco.trade (id, created_at, updated_at, member_id, order_cash, price, ticker, trade_type, volume)
VALUES (48, '2024-05-19 22:45:50', '2024-05-19 22:45:50', 3, 346186, 139.8, 'KRW-ARDR', 'BUY', 2476.3);
INSERT INTO funco.trade (id, created_at, updated_at, member_id, order_cash, price, ticker, trade_type, volume)
VALUES (49, '2024-05-19 23:11:25', '2024-05-19 23:11:25', 1, 676931, 93000000, 'KRW-BTC', 'SELL', 0.0072788377);
INSERT INTO funco.trade (id, created_at, updated_at, member_id, order_cash, price, ticker, trade_type, volume)
VALUES (50, '2024-05-19 23:27:38', '2024-05-19 23:27:38', 6, 633496, 93101000, 'KRW-BTC', 'BUY', 0.0068043952);
INSERT INTO funco.trade (id, created_at, updated_at, member_id, order_cash, price, ticker, trade_type, volume)
VALUES (51, '2024-05-19 23:28:14', '2024-05-19 23:28:14', 6, 570146, 38670, 'KRW-ETC', 'BUY', 14.7438841479);
INSERT INTO funco.trade (id, created_at, updated_at, member_id, order_cash, price, ticker, trade_type, volume)
VALUES (52, '2024-05-19 23:31:03', '2024-05-19 23:31:03', 3, 464930, 92986000, 'KRW-BTC', 'BUY', 0.005);
INSERT INTO funco.trade (id, created_at, updated_at, member_id, order_cash, price, ticker, trade_type, volume)
VALUES (53, '2024-05-19 23:32:15', '2024-05-19 23:32:15', 3, 465005, 93001000, 'KRW-BTC', 'BUY', 0.005);
INSERT INTO funco.trade (id, created_at, updated_at, member_id, order_cash, price, ticker, trade_type, volume)
VALUES (54, '2024-05-19 23:32:22', '2024-05-19 23:32:22', 3, 453119, 714.2, 'KRW-XRP', 'BUY', 634.443);
INSERT INTO funco.trade (id, created_at, updated_at, member_id, order_cash, price, ticker, trade_type, volume)
VALUES (55, '2024-05-19 23:33:25', '2024-05-19 23:33:25', 3, 465345, 93069000, 'KRW-BTC', 'BUY', 0.005);
INSERT INTO funco.trade (id, created_at, updated_at, member_id, order_cash, price, ticker, trade_type, volume)
VALUES (56, '2024-05-19 23:37:23', '2024-05-19 23:37:23', 3, 465035, 93007000, 'KRW-BTC', 'BUY', 0.005);
INSERT INTO funco.trade (id, created_at, updated_at, member_id, order_cash, price, ticker, trade_type, volume)
VALUES (57, '2024-05-19 23:37:28', '2024-05-19 23:37:28', 3, 367258, 38610, 'KRW-ETC', 'BUY', 9.512);
INSERT INTO funco.trade (id, created_at, updated_at, member_id, order_cash, price, ticker, trade_type, volume)
VALUES (58, '2024-05-19 23:37:55', '2024-05-19 23:37:55', 1, 1339298, 92975000, 'KRW-BTC', 'BUY', 0.014404926);
INSERT INTO funco.trade (id, created_at, updated_at, member_id, order_cash, price, ticker, trade_type, volume)
VALUES (59, '2024-05-19 23:38:01', '2024-05-19 23:38:01', 3, 452725, 727.4, 'KRW-STORJ', 'BUY', 622.389);
INSERT INTO funco.trade (id, created_at, updated_at, member_id, order_cash, price, ticker, trade_type, volume)
VALUES (60, '2024-05-19 23:40:06', '2024-05-19 23:40:06', 3, 330608, 2595, 'KRW-MTL', 'BUY', 127.402);
INSERT INTO funco.trade (id, created_at, updated_at, member_id, order_cash, price, ticker, trade_type, volume)
VALUES (61, '2024-05-19 23:44:30', '2024-05-19 23:44:30', 3, 408149, 147.3, 'KRW-XLM', 'BUY', 2770.871);
INSERT INTO funco.trade (id, created_at, updated_at, member_id, order_cash, price, ticker, trade_type, volume)
VALUES (62, '2024-05-20 00:20:05', '2024-05-20 00:20:05', 1, 1336431, 92776000, 'KRW-BTC', 'SELL', 0.014404926);
INSERT INTO funco.trade (id, created_at, updated_at, member_id, order_cash, price, ticker, trade_type, volume)
VALUES (63, '2024-05-20 01:00:35', '2024-05-20 01:00:35', 4, 10000, 712.7, 'KRW-XRP', 'BUY', 14.0311491511);
INSERT INTO funco.trade (id, created_at, updated_at, member_id, order_cash, price, ticker, trade_type, volume)
VALUES (64, '2024-05-20 01:19:22', '2024-05-20 01:19:22', 1, 556247, 92936000, 'KRW-BTC', 'BUY', 0.0059852694);
INSERT INTO funco.trade (id, created_at, updated_at, member_id, order_cash, price, ticker, trade_type, volume)
VALUES (65, '2024-05-20 01:27:42', '2024-05-20 01:27:42', 6, 293293, 92793000, 'KRW-BTC', 'SELL', 0.0031607303);
INSERT INTO funco.trade (id, created_at, updated_at, member_id, order_cash, price, ticker, trade_type, volume)
VALUES (66, '2024-05-20 01:28:09', '2024-05-20 01:28:09', 6, 264234, 92888000, 'KRW-BTC', 'SELL', 0.0028446573);
INSERT INTO funco.trade (id, created_at, updated_at, member_id, order_cash, price, ticker, trade_type, volume)
VALUES (67, '2024-05-20 01:32:58', '2024-05-20 01:32:58', 1, 555492, 92810000, 'KRW-BTC', 'SELL', 0.0059852694);
INSERT INTO funco.trade (id, created_at, updated_at, member_id, order_cash, price, ticker, trade_type, volume)
VALUES (68, '2024-05-20 01:35:08', '2024-05-20 01:35:08', 1, 497761, 92815000, 'KRW-BTC', 'BUY', 0.005362937);
INSERT INTO funco.trade (id, created_at, updated_at, member_id, order_cash, price, ticker, trade_type, volume)
VALUES (69, '2024-05-20 01:35:10', '2024-05-20 01:35:10', 1, 556332, 92722000, 'KRW-BTC', 'BUY', 0.006);
INSERT INTO funco.trade (id, created_at, updated_at, member_id, order_cash, price, ticker, trade_type, volume)
VALUES (70, '2024-05-20 01:44:20', '2024-05-20 01:44:20', 6, 237764, 92870000, 'KRW-BTC', 'SELL', 0.0025601915);
INSERT INTO funco.trade (id, created_at, updated_at, member_id, order_cash, price, ticker, trade_type, volume)
VALUES (71, '2024-05-20 01:56:33', '2024-05-20 01:56:33', 6, 213504, 92660000, 'KRW-BTC', 'SELL', 0.0023041724);
INSERT INTO funco.trade (id, created_at, updated_at, member_id, order_cash, price, ticker, trade_type, volume)
VALUES (72, '2024-05-20 02:14:04', '2024-05-20 02:14:04', 1, 940014, 92614000, 'KRW-BTC', 'BUY', 0.0101498045);
INSERT INTO funco.trade (id, created_at, updated_at, member_id, order_cash, price, ticker, trade_type, volume)
VALUES (73, '2024-05-20 02:35:21', '2024-05-20 02:35:21', 1, 1922896, 92870000, 'KRW-BTC', 'SELL', 0.0207052513);
INSERT INTO funco.trade (id, created_at, updated_at, member_id, order_cash, price, ticker, trade_type, volume)
VALUES (74, '2024-05-20 03:16:56', '2024-05-20 03:16:56', 1, 558181, 92752000, 'KRW-BTC', 'BUY', 0.0060179942);
INSERT INTO funco.trade (id, created_at, updated_at, member_id, order_cash, price, ticker, trade_type, volume)
VALUES (75, '2024-05-20 03:34:17', '2024-05-20 03:34:17', 1, 557537, 92645000, 'KRW-BTC', 'SELL', 0.0060179942);
INSERT INTO funco.trade (id, created_at, updated_at, member_id, order_cash, price, ticker, trade_type, volume)
VALUES (76, '2024-05-20 04:06:14', '2024-05-20 04:06:14', 1, 555329, 92451000, 'KRW-BTC', 'BUY', 0.0060067387);
INSERT INTO funco.trade (id, created_at, updated_at, member_id, order_cash, price, ticker, trade_type, volume)
VALUES (77, '2024-05-20 04:47:31', '2024-05-20 04:47:31', 1, 554247, 92271000, 'KRW-BTC', 'SELL', 0.0060067387);
INSERT INTO funco.trade (id, created_at, updated_at, member_id, order_cash, price, ticker, trade_type, volume)
VALUES (78, '2024-05-20 04:48:03', '2024-05-20 04:48:03', 6, 486780, 92042000, 'KRW-BTC', 'BUY', 0.0052886725);
INSERT INTO funco.trade (id, created_at, updated_at, member_id, order_cash, price, ticker, trade_type, volume)
VALUES (79, '2024-05-20 04:48:08', '2024-05-20 04:48:08', 6, 237116, 92042000, 'KRW-BTC', 'SELL', 0.002576179);
INSERT INTO funco.trade (id, created_at, updated_at, member_id, order_cash, price, ticker, trade_type, volume)
VALUES (80, '2024-05-20 05:25:03', '2024-05-20 05:25:03', 1, 449046, 92320000, 'KRW-BTC', 'BUY', 0.0048640164);
INSERT INTO funco.trade (id, created_at, updated_at, member_id, order_cash, price, ticker, trade_type, volume)
VALUES (81, '2024-05-20 05:36:05', '2024-05-20 05:36:05', 1, 449045, 92320000, 'KRW-BTC', 'SELL', 0.0048640164);
INSERT INTO funco.trade (id, created_at, updated_at, member_id, order_cash, price, ticker, trade_type, volume)
VALUES (82, '2024-05-20 05:41:18', '2024-05-20 05:41:18', 1, 446801, 92226000, 'KRW-BTC', 'BUY', 0.0048446316);
INSERT INTO funco.trade (id, created_at, updated_at, member_id, order_cash, price, ticker, trade_type, volume)
VALUES (83, '2024-05-20 05:46:20', '2024-05-20 05:46:20', 1, 446781, 92222000, 'KRW-BTC', 'SELL', 0.0048446316);
INSERT INTO funco.trade (id, created_at, updated_at, member_id, order_cash, price, ticker, trade_type, volume)
VALUES (84, '2024-05-20 07:06:50', '2024-05-20 07:06:50', 1, 444565, 92248000, 'KRW-BTC', 'BUY', 0.0048192372);
INSERT INTO funco.trade (id, created_at, updated_at, member_id, order_cash, price, ticker, trade_type, volume)
VALUES (85, '2024-05-20 07:07:49', '2024-05-20 07:07:49', 1, 400109, 4967, 'KRW-QTUM', 'BUY', 80.5534527884);
INSERT INTO funco.trade (id, created_at, updated_at, member_id, order_cash, price, ticker, trade_type, volume)
VALUES (86, '2024-05-20 08:15:08', '2024-05-20 08:15:08', 5, 729000, 0.06916, 'KRW-XEC', 'BUY', 10540775.014459224);
INSERT INTO funco.trade (id, created_at, updated_at, member_id, order_cash, price, ticker, trade_type, volume)
VALUES (87, '2024-05-20 08:15:26', '2024-05-20 08:15:26', 5, 728894, 0.06915, 'KRW-XEC', 'SELL', 10540775.014459224);
INSERT INTO funco.trade (id, created_at, updated_at, member_id, order_cash, price, ticker, trade_type, volume)
VALUES (88, '2024-05-20 09:15:10', '2024-05-20 09:15:10', 10, 1000000, 92186000, 'KRW-BTC', 'BUY', 0.0108476341);

-- open_trade 테이블에 더미데이터를 생성합니다.
INSERT INTO funco.open_trade (id, created_at, updated_at, buy_price, member_id, order_cash, price, ticker, trade_type,
                              volume)
VALUES (5, '2024-05-16 15:03:20', '2024-05-16 15:03:20', null, 2, 880915, 88091520, 'KRW-BTC', 'BUY', 0.01);

-- holding_coin 테이블에 더미데이터를 생성합니다.
INSERT INTO funco.holding_coin (id, created_at, updated_at, average_price, member_id, ticker, volume)
VALUES (13, '2024-05-14 18:25:35', '2024-05-16 14:56:37', 88739633, 2, 'KRW-BTC', 0.0208368001);
INSERT INTO funco.holding_coin (id, created_at, updated_at, average_price, member_id, ticker, volume)
VALUES (14, '2024-05-17 20:11:23', '2024-05-20 04:48:08', 92214082.307, 6, 'KRW-BTC', 0.0231856114);
INSERT INTO funco.holding_coin (id, created_at, updated_at, average_price, member_id, ticker, volume)
VALUES (15, '2024-05-18 01:55:57', '2024-05-18 01:55:57', 92672000, 5, 'KRW-BTC', 0.0107907458);
INSERT INTO funco.holding_coin (id, created_at, updated_at, average_price, member_id, ticker, volume)
VALUES (16, '2024-05-19 02:53:24', '2024-05-19 02:53:24', 53.88, 6, 'KRW-XEM', 16632.7208611729);
INSERT INTO funco.holding_coin (id, created_at, updated_at, average_price, member_id, ticker, volume)
VALUES (22, '2024-05-19 23:28:14', '2024-05-19 23:28:14', 38670, 6, 'KRW-ETC', 14.7438841479);
INSERT INTO funco.holding_coin (id, created_at, updated_at, average_price, member_id, ticker, volume)
VALUES (33, '2024-05-20 01:00:35', '2024-05-20 01:00:35', 712.7, 4, 'KRW-XRP', 14.0311491511);
INSERT INTO funco.holding_coin (id, created_at, updated_at, average_price, member_id, ticker, volume)
VALUES (40, '2024-05-20 07:06:50', '2024-05-20 07:06:50', 92248000, 1, 'KRW-BTC', 0.0048192372);
INSERT INTO funco.holding_coin (id, created_at, updated_at, average_price, member_id, ticker, volume)
VALUES (41, '2024-05-20 07:07:49', '2024-05-20 07:07:49', 4967, 1, 'KRW-QTUM', 80.5534527884);
INSERT INTO funco.holding_coin (id, created_at, updated_at, average_price, member_id, ticker, volume)
VALUES (43, '2024-05-20 09:15:10', '2024-05-20 09:15:10', 92186000, 10, 'KRW-BTC', 0.0108476341);

-- future_trade 테이블에 더미데이터를 생성합니다.
INSERT INTO funco.future_trade (id, created_at, updated_at, leverage, member_id, order_cash, price, settlement, ticker,
                                trade_type)
VALUES (27, '2024-05-18 23:36:46', '2024-05-18 23:36:46', 100, 6, 1273683, 93030000, -400000, 'KRW-BTC', 'SHORT');
INSERT INTO funco.future_trade (id, created_at, updated_at, leverage, member_id, order_cash, price, settlement, ticker,
                                trade_type)
VALUES (28, '2024-05-18 23:56:25', '2024-05-18 23:56:25', 50, 1, 147466, 92949000, -50000, 'KRW-BTC', 'LONG');
INSERT INTO funco.future_trade (id, created_at, updated_at, leverage, member_id, order_cash, price, settlement, ticker,
                                trade_type)
VALUES (31, '2024-05-19 02:10:12', '2024-05-19 02:10:12', 100, 1, 163851, 4331000, -18916, 'KRW-ETH', 'LONG');
INSERT INTO funco.future_trade (id, created_at, updated_at, leverage, member_id, order_cash, price, settlement, ticker,
                                trade_type)
VALUES (32, '2024-05-19 03:27:18', '2024-05-19 03:27:18', 100, 1, 16946043, 92786000, -657488, 'KRW-BTC', 'SHORT');
INSERT INTO funco.future_trade (id, created_at, updated_at, leverage, member_id, order_cash, price, settlement, ticker,
                                trade_type)
VALUES (33, '2024-05-19 13:33:11', '2024-05-19 13:33:11', 100, 1, 182056, 662700, -508229, 'KRW-BCH', 'SHORT');
INSERT INTO funco.future_trade (id, created_at, updated_at, leverage, member_id, order_cash, price, settlement, ticker,
                                trade_type)
VALUES (34, '2024-05-19 13:33:57', '2024-05-19 13:33:57', 100, 1, 32110306, 681300, -471309, 'KRW-BCH', 'SHORT');
INSERT INTO funco.future_trade (id, created_at, updated_at, leverage, member_id, order_cash, price, settlement, ticker,
                                trade_type)
VALUES (35, '2024-05-19 14:02:01', '2024-05-19 14:02:01', 100, 1, 30057048, 605.2, 5463111, 'KRW-HUNT', 'SHORT');
INSERT INTO funco.future_trade (id, created_at, updated_at, leverage, member_id, order_cash, price, settlement, ticker,
                                trade_type)
VALUES (36, '2024-05-19 16:14:41', '2024-05-19 16:14:41', 50, 3, 2604000, 93042000, -302263, 'KRW-BTC', 'SHORT');
INSERT INTO funco.future_trade (id, created_at, updated_at, leverage, member_id, order_cash, price, settlement, ticker,
                                trade_type)
VALUES (37, '2024-05-19 16:21:35', '2024-05-19 16:21:35', 50, 3, 3750000, 93196000, -116689, 'KRW-BTC', 'LONG');
INSERT INTO funco.future_trade (id, created_at, updated_at, leverage, member_id, order_cash, price, settlement, ticker,
                                trade_type)
VALUES (38, '2024-05-19 17:09:27', '2024-05-19 17:09:27', 100, 2, 10000, 93099000, 2663, 'KRW-BTC', 'LONG');
INSERT INTO funco.future_trade (id, created_at, updated_at, leverage, member_id, order_cash, price, settlement, ticker,
                                trade_type)
VALUES (39, '2024-05-19 17:13:47', '2024-05-19 17:13:47', 100, 2, 9858015, 93344000, 10560, 'KRW-BTC', 'LONG');
INSERT INTO funco.future_trade (id, created_at, updated_at, leverage, member_id, order_cash, price, settlement, ticker,
                                trade_type)
VALUES (40, '2024-05-19 17:15:20', '2024-05-19 17:15:20', 100, 2, 14424872, 93345000, 200892, 'KRW-BTC', 'SHORT');
INSERT INTO funco.future_trade (id, created_at, updated_at, leverage, member_id, order_cash, price, settlement, ticker,
                                trade_type)
VALUES (41, '2024-05-19 17:16:48', '2024-05-19 17:16:48', 100, 2, 18702766, 93333000, 260503, 'KRW-BTC', 'SHORT');
INSERT INTO funco.future_trade (id, created_at, updated_at, leverage, member_id, order_cash, price, settlement, ticker,
                                trade_type)
VALUES (42, '2024-05-19 17:17:33', '2024-05-19 17:17:33', 50, 6, 1229315, 92944000, 247995, 'KRW-BTC', 'LONG');
INSERT INTO funco.future_trade (id, created_at, updated_at, leverage, member_id, order_cash, price, settlement, ticker,
                                trade_type)
VALUES (43, '2024-05-19 17:17:58', '2024-05-19 17:17:58', 100, 2, 18015106, 93320000, 57913, 'KRW-BTC', 'SHORT');
INSERT INTO funco.future_trade (id, created_at, updated_at, leverage, member_id, order_cash, price, settlement, ticker,
                                trade_type)
VALUES (44, '2024-05-19 17:29:30', '2024-05-19 17:29:30', 100, 1, 33744152, 2394, 5638120, 'KRW-ZETA', 'SHORT');
INSERT INTO funco.future_trade (id, created_at, updated_at, leverage, member_id, order_cash, price, settlement, ticker,
                                trade_type)
VALUES (45, '2024-05-19 17:35:26', '2024-05-19 17:35:26', 50, 3, 2000000, 93356000, -41775, 'KRW-BTC', 'SHORT');
INSERT INTO funco.future_trade (id, created_at, updated_at, leverage, member_id, order_cash, price, settlement, ticker,
                                trade_type)
VALUES (46, '2024-05-19 17:43:35', '2024-05-19 17:43:35', 100, 6, 678322, 93351000, -726, 'KRW-BTC', 'LONG');
INSERT INTO funco.future_trade (id, created_at, updated_at, leverage, member_id, order_cash, price, settlement, ticker,
                                trade_type)
VALUES (47, '2024-05-19 17:45:15', '2024-05-19 17:45:15', 100, 6, 674862, 2374, 56854, 'KRW-ZETA', 'SHORT');
INSERT INTO funco.future_trade (id, created_at, updated_at, leverage, member_id, order_cash, price, settlement, ticker,
                                trade_type)
VALUES (48, '2024-05-19 17:47:12', '2024-05-19 17:47:12', 100, 6, 676888, 2375, 28500, 'KRW-ZETA', 'LONG');
INSERT INTO funco.future_trade (id, created_at, updated_at, leverage, member_id, order_cash, price, settlement, ticker,
                                trade_type)
VALUES (49, '2024-05-19 17:53:48', '2024-05-19 17:53:48', 100, 6, 676212, 2375, 284720, 'KRW-ZETA', 'LONG');
INSERT INTO funco.future_trade (id, created_at, updated_at, leverage, member_id, order_cash, price, settlement, ticker,
                                trade_type)
VALUES (50, '2024-05-19 18:01:36', '2024-05-19 18:01:36', 100, 1, 37413159, 377.5, -5946462, 'KRW-STEEM', 'SHORT');
INSERT INTO funco.future_trade (id, created_at, updated_at, leverage, member_id, order_cash, price, settlement, ticker,
                                trade_type)
VALUES (51, '2024-05-19 18:07:57', '2024-05-19 18:07:57', 200, 6, 699879, 2379, 588380, 'KRW-ZETA', 'LONG');
INSERT INTO funco.future_trade (id, created_at, updated_at, leverage, member_id, order_cash, price, settlement, ticker,
                                trade_type)
VALUES (52, '2024-05-19 18:08:44', '2024-05-19 18:08:44', 100, 6, 725898, 53.4, -380620, 'KRW-XEM', 'LONG');
INSERT INTO funco.future_trade (id, created_at, updated_at, leverage, member_id, order_cash, price, settlement, ticker,
                                trade_type)
VALUES (53, '2024-05-19 18:14:44', '2024-05-19 18:14:44', 200, 6, 785077, 53.12, 0, 'KRW-XEM', 'LONG');
INSERT INTO funco.future_trade (id, created_at, updated_at, leverage, member_id, order_cash, price, settlement, ticker,
                                trade_type)
VALUES (54, '2024-05-19 18:24:25', '2024-05-19 18:24:25', 100, 6, 653308, 822.6, 142955, 'KRW-ZRX', 'LONG');
INSERT INTO funco.future_trade (id, created_at, updated_at, leverage, member_id, order_cash, price, settlement, ticker,
                                trade_type)
VALUES (55, '2024-05-19 18:38:36', '2024-05-19 18:38:36', 200, 6, 856797, 824.4, -394933, 'KRW-ZRX', 'LONG');
INSERT INTO funco.future_trade (id, created_at, updated_at, leverage, member_id, order_cash, price, settlement, ticker,
                                trade_type)
VALUES (56, '2024-05-19 20:28:31', '2024-05-19 20:28:31', 100, 1, 14946682, 2608, -14946682, 'KRW-LSK', 'SHORT');
INSERT INTO funco.future_trade (id, created_at, updated_at, leverage, member_id, order_cash, price, settlement, ticker,
                                trade_type)
VALUES (57, '2024-05-19 20:32:09', '2024-05-19 20:32:09', 100, 1, 6726007, 39210, -6726007, 'KRW-ETC', 'SHORT');
INSERT INTO funco.future_trade (id, created_at, updated_at, leverage, member_id, order_cash, price, settlement, ticker,
                                trade_type)
VALUES (58, '2024-05-19 21:20:56', '2024-05-19 21:20:56', 100, 1, 1494668, 5085, -1494668, 'KRW-QTUM', 'LONG');
INSERT INTO funco.future_trade (id, created_at, updated_at, leverage, member_id, order_cash, price, settlement, ticker,
                                trade_type)
VALUES (59, '2024-05-19 22:05:38', '2024-05-19 22:05:38', 101, 3, 874857, 92604000, 0, 'KRW-BTC', 'LONG');
INSERT INTO funco.future_trade (id, created_at, updated_at, leverage, member_id, order_cash, price, settlement, ticker,
                                trade_type)
VALUES (60, '2024-05-19 22:07:19', '2024-05-19 22:07:19', 50, 3, 433054, 92455000, 1405, 'KRW-BTC', 'SHORT');
INSERT INTO funco.future_trade (id, created_at, updated_at, leverage, member_id, order_cash, price, settlement, ticker,
                                trade_type)
VALUES (61, '2024-05-19 23:43:26', '2024-05-19 23:43:26', 50, 6, 512131, 92869000, 19025, 'KRW-BTC', 'SHORT');
INSERT INTO funco.future_trade (id, created_at, updated_at, leverage, member_id, order_cash, price, settlement, ticker,
                                trade_type)
VALUES (62, '2024-05-19 23:47:22', '2024-05-19 23:47:22', 200, 1, 535719, 92869000, -4614, 'KRW-BTC', 'LONG');
INSERT INTO funco.future_trade (id, created_at, updated_at, leverage, member_id, order_cash, price, settlement, ticker,
                                trade_type)
VALUES (63, '2024-05-20 00:13:16', '2024-05-20 00:13:16', 200, 1, 532602, 712.9, -14941, 'KRW-XRP', 'SHORT');
INSERT INTO funco.future_trade (id, created_at, updated_at, leverage, member_id, order_cash, price, settlement, ticker,
                                trade_type)
VALUES (64, '2024-05-20 00:17:56', '2024-05-20 00:17:56', 200, 1, 2663012, 20820, -767438, 'KRW-NEO', 'SHORT');
INSERT INTO funco.future_trade (id, created_at, updated_at, leverage, member_id, order_cash, price, settlement, ticker,
                                trade_type)
VALUES (65, '2024-05-20 00:19:12', '2024-05-20 00:19:12', 200, 1, 524437, 38360, -109371, 'KRW-ETC', 'SHORT');
INSERT INTO funco.future_trade (id, created_at, updated_at, leverage, member_id, order_cash, price, settlement, ticker,
                                trade_type)
VALUES (66, '2024-05-20 00:22:03', '2024-05-20 00:22:03', 100, 3, 197623, 92834000, -425, 'KRW-BTC', 'LONG');
INSERT INTO funco.future_trade (id, created_at, updated_at, leverage, member_id, order_cash, price, settlement, ticker,
                                trade_type)
VALUES (67, '2024-05-20 01:27:22', '2024-05-20 01:27:22', 50, 6, 558896, 92793000, 0, 'KRW-BTC', 'SHORT');
INSERT INTO funco.future_trade (id, created_at, updated_at, leverage, member_id, order_cash, price, settlement, ticker,
                                trade_type)
VALUES (68, '2024-05-20 01:27:27', '2024-05-20 01:27:27', 50, 6, 556102, 92850000, -16769, 'KRW-BTC', 'LONG');
INSERT INTO funco.future_trade (id, created_at, updated_at, leverage, member_id, order_cash, price, settlement, ticker,
                                trade_type)
VALUES (69, '2024-05-20 01:56:53', '2024-05-20 01:56:53', 50, 6, 648064, 92660000, 17484, 'KRW-BTC', 'LONG');
INSERT INTO funco.future_trade (id, created_at, updated_at, leverage, member_id, order_cash, price, settlement, ticker,
                                trade_type)
VALUES (70, '2024-05-20 01:57:00', '2024-05-20 01:57:00', 50, 6, 646485, 92710000, 0, 'KRW-BTC', 'SHORT');
INSERT INTO funco.future_trade (id, created_at, updated_at, leverage, member_id, order_cash, price, settlement, ticker,
                                trade_type)
VALUES (71, '2024-05-20 02:27:36', '2024-05-20 02:27:36', 50, 6, 541752, 92805000, 0, 'KRW-BTC', 'LONG');
INSERT INTO funco.future_trade (id, created_at, updated_at, leverage, member_id, order_cash, price, settlement, ticker,
                                trade_type)
VALUES (72, '2024-05-20 02:36:55', '2024-05-20 02:36:55', 50, 6, 539044, 92769000, 290, 'KRW-BTC', 'LONG');
INSERT INTO funco.future_trade (id, created_at, updated_at, leverage, member_id, order_cash, price, settlement, ticker,
                                trade_type)
VALUES (73, '2024-05-20 02:41:52', '2024-05-20 02:41:52', 50, 6, 536376, 92671000, 23151, 'KRW-BTC', 'LONG');
INSERT INTO funco.future_trade (id, created_at, updated_at, leverage, member_id, order_cash, price, settlement, ticker,
                                trade_type)
VALUES (74, '2024-05-20 02:42:41', '2024-05-20 02:42:41', 50, 6, 535894, 92748000, 0, 'KRW-BTC', 'SHORT');
INSERT INTO funco.future_trade (id, created_at, updated_at, leverage, member_id, order_cash, price, settlement, ticker,
                                trade_type)
VALUES (75, '2024-05-20 04:30:50', '2024-05-20 04:30:50', 200, 1, 2498979, 604.5, -661433, 'KRW-HUNT', 'SHORT');
INSERT INTO funco.future_trade (id, created_at, updated_at, leverage, member_id, order_cash, price, settlement, ticker,
                                trade_type)
VALUES (76, '2024-05-20 04:37:18', '2024-05-20 04:37:18', 200, 1, 2122324, 602.9, -352019, 'KRW-HUNT', 'LONG');
INSERT INTO funco.future_trade (id, created_at, updated_at, leverage, member_id, order_cash, price, settlement, ticker,
                                trade_type)
VALUES (77, '2024-05-20 04:48:35', '2024-05-20 04:48:35', 50, 6, 460628, 92045000, 0, 'KRW-BTC', 'LONG');
INSERT INTO funco.future_trade (id, created_at, updated_at, leverage, member_id, order_cash, price, settlement, ticker,
                                trade_type)
VALUES (78, '2024-05-20 04:48:43', '2024-05-20 04:48:43', 50, 6, 458325, 2552, 0, 'KRW-LSK', 'SHORT');
INSERT INTO funco.future_trade (id, created_at, updated_at, leverage, member_id, order_cash, price, settlement, ticker,
                                trade_type)
VALUES (79, '2024-05-20 05:03:41', '2024-05-20 05:03:41', 200, 1, 2165325, 92080000, 282188, 'KRW-BTC', 'LONG');
INSERT INTO funco.future_trade (id, created_at, updated_at, leverage, member_id, order_cash, price, settlement, ticker,
                                trade_type)
VALUES (80, '2024-05-20 08:16:47', '2024-05-20 08:16:47', 100, 5, 3626725, 92292000, 3929, 'KRW-BTC', 'SHORT');
INSERT INTO funco.future_trade (id, created_at, updated_at, leverage, member_id, order_cash, price, settlement, ticker,
                                trade_type)
VALUES (81, '2024-05-20 09:20:20', '2024-05-20 09:20:20', 58, 10, 900000, 92188000, -2831, 'KRW-BTC', 'LONG');

